variable,product,ice_type,year,month,year-month,region,min,max,mean,median,std,dyn_range
snow_depth,NaRRS,all,2021,10,2021-10-15,0.0,,,,,,
snow_depth,bremen,fyi,2021,10,2021-10-15,6.0,,,,,,
snow_depth,bremen,fyi,2021,10,2021-10-15,5.0,,,,,,
snow_depth,bremen,fyi,2021,10,2021-10-15,4.0,,,,,,
snow_depth,bremen,fyi,2021,10,2021-10-15,3.0,,,,,,
snow_depth,bremen,fyi,2021,10,2021-10-15,2.0,,,,,,
snow_depth,bremen,fyi,2021,10,2021-10-15,1.0,,,,,,
snow_depth,bremen,fyi,2021,10,2021-10-15,0.0,,,,,,
snow_depth,bremen,all,2021,10,2021-10-15,100.0,,,,,,
snow_depth,bremen,all,2021,10,2021-10-15,18.0,,,,,,
snow_depth,bremen,all,2021,10,2021-10-15,17.0,,,,,,
snow_depth,bremen,all,2021,10,2021-10-15,16.0,,,,,,
snow_depth,bremen,all,2021,10,2021-10-15,15.0,,,,,,
snow_depth,bremen,fyi,2021,10,2021-10-15,7.0,,,,,,
snow_depth,bremen,all,2021,10,2021-10-15,14.0,,,,,,
snow_depth,bremen,all,2021,10,2021-10-15,12.0,,,,,,
snow_depth,bremen,all,2021,10,2021-10-15,11.0,,,,,,
snow_depth,bremen,all,2021,10,2021-10-15,10.0,,,,,,
snow_depth,bremen,all,2021,10,2021-10-15,9.0,,,,,,
snow_depth,bremen,all,2021,10,2021-10-15,8.0,,,,,,
snow_depth,bremen,all,2021,10,2021-10-15,7.0,,,,,,
snow_depth,bremen,all,2021,10,2021-10-15,6.0,,,,,,
snow_depth,bremen,all,2021,10,2021-10-15,5.0,,,,,,
snow_depth,bremen,all,2021,10,2021-10-15,4.0,,,,,,
snow_depth,bremen,all,2021,10,2021-10-15,3.0,,,,,,
snow_depth,bremen,all,2021,10,2021-10-15,2.0,,,,,,
snow_depth,bremen,all,2021,10,2021-10-15,1.0,,,,,,
snow_depth,bremen,all,2021,10,2021-10-15,13.0,,,,,,
snow_depth,bremen,fyi,2021,10,2021-10-15,8.0,,,,,,
snow_depth,bremen,fyi,2021,10,2021-10-15,9.0,,,,,,
snow_depth,bremen,fyi,2021,10,2021-10-15,10.0,,,,,,
snow_depth,bremen,myi,2021,10,2021-10-15,15.0,,,,,,
snow_depth,bremen,myi,2021,10,2021-10-15,16.0,,,,,,
snow_depth,bremen,myi,2021,10,2021-10-15,17.0,,,,,,
snow_depth,bremen,myi,2021,10,2021-10-15,18.0,,,,,,
snow_depth,bremen,myi,2021,10,2021-10-15,100.0,,,,,,
snow_depth,bremen,myi,2021,10,2021-10-15,12.0,,,,,,
snow_depth,bremen,myi,2021,10,2021-10-15,11.0,,,,,,
snow_depth,bremen,myi,2021,10,2021-10-15,10.0,,,,,,
snow_depth,bremen,myi,2021,10,2021-10-15,9.0,,,,,,
snow_depth,bremen,myi,2021,10,2021-10-15,8.0,,,,,,
snow_depth,bremen,myi,2021,10,2021-10-15,7.0,,,,,,
snow_depth,bremen,myi,2021,10,2021-10-15,6.0,,,,,,
snow_depth,bremen,myi,2021,10,2021-10-15,5.0,,,,,,
snow_depth,bremen,myi,2021,10,2021-10-15,4.0,,,,,,
snow_depth,bremen,myi,2021,10,2021-10-15,3.0,,,,,,
snow_depth,bremen,myi,2021,10,2021-10-15,2.0,,,,,,
snow_depth,bremen,myi,2021,10,2021-10-15,1.0,,,,,,
snow_depth,bremen,myi,2021,10,2021-10-15,0.0,,,,,,
snow_depth,bremen,fyi,2021,10,2021-10-15,100.0,,,,,,
snow_depth,bremen,fyi,2021,10,2021-10-15,18.0,,,,,,
snow_depth,bremen,fyi,2021,10,2021-10-15,17.0,,,,,,
snow_depth,bremen,fyi,2021,10,2021-10-15,16.0,,,,,,
snow_depth,bremen,fyi,2021,10,2021-10-15,15.0,,,,,,
snow_depth,bremen,fyi,2021,10,2021-10-15,14.0,,,,,,
snow_depth,bremen,fyi,2021,10,2021-10-15,13.0,,,,,,
snow_depth,bremen,fyi,2021,10,2021-10-15,12.0,,,,,,
snow_depth,bremen,fyi,2021,10,2021-10-15,11.0,,,,,,
snow_depth,bremen,all,2021,10,2021-10-15,0.0,,,,,,
snow_depth,bremen,myi,2021,10,2021-10-15,14.0,,,,,,
snow_depth,bremen,myi,2021,10,2021-10-15,13.0,,,,,,
snow_depth,NaRRS,fyi,2021,10,2021-10-15,9.0,0.0470000000000006,0.1639999999999997,0.10089696969696968,0.09904999999999978,0.030840616041125517,0.10721999999999911
snow_depth,NaRRS,fyi,2021,10,2021-10-15,10.0,,,,,,
snow_depth,NaRRS,fyi,2021,10,2021-10-15,8.0,0.0326666666666667,0.219,0.10270044842639782,0.10100000000000002,0.03865622519190151,0.1521527272727272
snow_depth,NaRRS,fyi,2021,10,2021-10-15,7.0,0.06299999999999943,0.07600000000000051,0.06949999999999998,0.06949999999999998,0.00650000000000054,0.012480000000001032
snow_depth,NaRRS,fyi,2021,10,2021-10-15,6.0,0.007999999999999119,0.1795,0.06802854713313902,0.06500000000000128,0.03692708126650012,0.1286199999999998
snow_depth,NaRRS,fyi,2021,10,2021-10-15,5.0,0.018000000000000682,0.18272727272727282,0.07234714674315405,0.06575000000000042,0.029985061594592292,0.13036000000000764
snow_depth,NaRRS,fyi,2021,10,2021-10-15,4.0,0.01099999999999568,0.22100000000000364,0.07000816670102399,0.06925000000000381,0.03192253458755491,0.13919200000000093
snow_depth,NaRRS,fyi,2021,10,2021-10-15,3.0,0.008000000000009777,0.1735000000000042,0.07487500000000052,0.0740999999999995,0.030855691233872478,0.13510999999998743
snow_depth,NaRRS,fyi,2021,10,2021-10-15,2.0,0.03499999999999659,0.2187499999999929,0.10242590370712286,0.0909999999999987,0.03676097739495563,0.14928999999999995
snow_depth,NaRRS,fyi,2021,10,2021-10-15,1.0,0.002000000000000668,0.17450000000000188,0.08545064720965889,0.08479755434782617,0.02734787243878455,0.11422333333333748
snow_depth,NaRRS,fyi,2021,10,2021-10-15,0.0,,,,,,
snow_depth,NaRRS,all,2021,10,2021-10-15,100.0,0.002000000000000668,0.3081400000000003,0.14928845229786222,0.1520599999999999,0.06486663158432562,0.2397454166666695
snow_depth,NaRRS,all,2021,10,2021-10-15,18.0,,,,,,
snow_depth,NaRRS,all,2021,10,2021-10-15,17.0,,,,,,
snow_depth,NaRRS,all,2021,10,2021-10-15,16.0,,,,,,
snow_depth,NaRRS,all,2021,10,2021-10-15,15.0,,,,,,
snow_depth,NaRRS,all,2021,10,2021-10-15,14.0,,,,,,
snow_depth,NaRRS,all,2021,10,2021-10-15,13.0,,,,,,
snow_depth,NaRRS,all,2021,10,2021-10-15,12.0,0.041999999999999926,0.2715000000000005,0.17859946067438576,0.1800000000000003,0.04818292220092988,0.19046666666666373
snow_depth,NaRRS,all,2021,10,2021-10-15,11.0,,,,,,
snow_depth,NaRRS,all,2021,10,2021-10-15,10.0,,,,,,
snow_depth,NaRRS,all,2021,10,2021-10-15,9.0,0.0470000000000006,0.1639999999999997,0.10222523448773453,0.09930000000000017,0.024614838237872985,0.0985752380952374
snow_depth,NaRRS,all,2021,10,2021-10-15,8.0,0.0326666666666667,0.23200000000000007,0.12947699936216073,0.1315625,0.04152348377774188,0.15326577777777783
snow_depth,NaRRS,all,2021,10,2021-10-15,7.0,0.06299999999999943,0.07600000000000051,0.06949999999999998,0.06949999999999998,0.00650000000000054,0.012480000000001032
snow_depth,NaRRS,fyi,2021,10,2021-10-15,11.0,,,,,,
snow_depth,NaRRS,all,2021,10,2021-10-15,6.0,0.007999999999999119,0.1795,0.07232734420928871,0.07187499999999969,0.0384136594953787,0.139120000000001
snow_depth,NaRRS,fyi,2021,10,2021-10-15,12.0,0.041999999999999926,0.2250000000000001,0.13292771739130413,0.1332500000000001,0.04280466693053082,0.16590000000000266
snow_depth,NaRRS,fyi,2021,10,2021-10-15,14.0,,,,,,
snow_depth,NaRRS,myi,2021,10,2021-10-15,17.0,,,,,,
snow_depth,NaRRS,myi,2021,10,2021-10-15,16.0,,,,,,
snow_depth,NaRRS,myi,2021,10,2021-10-15,15.0,,,,,,
snow_depth,NaRRS,myi,2021,10,2021-10-15,14.0,,,,,,
snow_depth,NaRRS,myi,2021,10,2021-10-15,13.0,,,,,,
snow_depth,NaRRS,myi,2021,10,2021-10-15,12.0,0.08599999999999852,0.2715000000000005,0.20958085535793244,0.21474999999999947,0.0350242195534926,0.12785294117647256
snow_depth,NaRRS,myi,2021,10,2021-10-15,11.0,,,,,,
snow_depth,NaRRS,myi,2021,10,2021-10-15,10.0,,,,,,
snow_depth,NaRRS,myi,2021,10,2021-10-15,9.0,,,,,,
snow_depth,NaRRS,myi,2021,10,2021-10-15,8.0,0.10200000000000009,0.2024444444444445,0.1670287638516806,0.16528571428571429,0.023294111543797808,0.08455444444444456
snow_depth,NaRRS,myi,2021,10,2021-10-15,7.0,,,,,,
snow_depth,NaRRS,myi,2021,10,2021-10-15,6.0,,,,,,
snow_depth,NaRRS,myi,2021,10,2021-10-15,5.0,,,,,,
snow_depth,NaRRS,myi,2021,10,2021-10-15,4.0,,,,,,
snow_depth,NaRRS,myi,2021,10,2021-10-15,3.0,0.10099999999999909,0.1419999999999959,0.1214999999999975,0.1214999999999975,0.02049999999999841,0.03935999999999695
snow_depth,NaRRS,myi,2021,10,2021-10-15,2.0,0.10400000000000394,0.23300000000000567,0.18764577532806773,0.19250000000000078,0.02425462793197441,0.10424500000000002
snow_depth,NaRRS,myi,2021,10,2021-10-15,1.0,0.10599999999999454,0.3081400000000003,0.22649469170351785,0.23204272727272907,0.037310640961812074,0.13006609181141493
snow_depth,NaRRS,myi,2021,10,2021-10-15,0.0,,,,,,
snow_depth,NaRRS,fyi,2021,10,2021-10-15,100.0,0.002000000000000668,0.2250000000000001,0.0844368629117983,0.08109523809523815,0.035519146639592325,0.15606000000001052
snow_depth,NaRRS,fyi,2021,10,2021-10-15,18.0,,,,,,
snow_depth,NaRRS,fyi,2021,10,2021-10-15,17.0,,,,,,
snow_depth,NaRRS,fyi,2021,10,2021-10-15,16.0,,,,,,
snow_depth,NaRRS,fyi,2021,10,2021-10-15,15.0,,,,,,
snow_depth,NaRRS,fyi,2021,10,2021-10-15,13.0,,,,,,
snow_depth,NaRRS,myi,2021,10,2021-10-15,18.0,,,,,,
snow_depth,NaRRS,myi,2021,10,2021-10-15,100.0,0.08599999999999852,0.3081400000000003,0.22142947379838052,0.22508940092165897,0.0385053365362275,0.14172194326241233
snow_depth,NaRRS,all,2021,10,2021-10-15,1.0,0.002000000000000668,0.3081400000000003,0.1721506471017375,0.169442222222224,0.06097525167263885,0.22766783968719584
snow_depth,NaRRS,all,2021,10,2021-10-15,2.0,0.03499999999999659,0.23300000000000567,0.13877665747478599,0.14449999999999363,0.0464045090535361,0.1545100000000012
snow_depth,NaRRS,all,2021,10,2021-10-15,3.0,0.008000000000009777,0.1735000000000042,0.0796594377510045,0.0800000000000054,0.03297731627964675,0.13754999999998926
snow_depth,NaRRS,all,2021,10,2021-10-15,4.0,0.01099999999999568,0.22100000000000364,0.07443101167670159,0.07200000000000273,0.03423688847880416,0.141121666666666
snow_depth,NaRRS,all,2021,10,2021-10-15,5.0,0.018000000000000682,0.18272727272727282,0.07225456553016368,0.06537500000000263,0.029826708338193557,0.13012000000000784
snow_depth,bremen,myi,2021,11,2021-11-15,8.0,,,,,,
snow_depth,bremen,all,2021,11,2021-11-15,14.0,,,,,,
snow_depth,bremen,all,2021,11,2021-11-15,15.0,,,,,,
snow_depth,bremen,all,2021,11,2021-11-15,16.0,,,,,,
snow_depth,bremen,all,2021,11,2021-11-15,17.0,,,,,,
snow_depth,bremen,all,2021,11,2021-11-15,18.0,,,,,,
snow_depth,bremen,fyi,2021,11,2021-11-15,1.0,0.07209788850319657,0.24061371283923186,0.1630685189333428,0.16175046841763205,0.022298484602998235,0.08929863788078082
snow_depth,bremen,fyi,2021,11,2021-11-15,0.0,,,,,,
snow_depth,bremen,all,2021,11,2021-11-15,13.0,0.1099487204759398,0.1099487204759398,0.1099487204759398,0.1099487204759398,0.0,0.0
snow_depth,bremen,fyi,2021,11,2021-11-15,2.0,0.07156790070726071,0.20807051446319794,0.15663676841178725,0.14868101258986038,0.02816811032158824,0.09639786442504417
snow_depth,NaRRS,all,2021,11,2021-11-15,0.0,,,,,,
snow_depth,bremen,all,2021,11,2021-11-15,100.0,0.04523084626843758,0.3351691434163404,0.15397996311252318,0.15169056597090846,0.02948591424993158,0.11445432021677814
snow_depth,bremen,all,2021,11,2021-11-15,12.0,0.09549841778580553,0.3351691434163404,0.15569277839064233,0.1525167121289242,0.035516805678024975,0.1203055445498143
snow_depth,bremen,all,2021,11,2021-11-15,9.0,0.06049176919237269,0.19176284804953692,0.10355627336339138,0.10054291037196117,0.018696168335510792,0.08460982520301841
snow_depth,bremen,all,2021,11,2021-11-15,10.0,,,,,,
snow_depth,bremen,fyi,2021,11,2021-11-15,3.0,0.08762828278091789,0.1964136194861202,0.14920810739443136,0.14829758545056476,0.019506506782261054,0.07762393386951502
snow_depth,bremen,all,2021,11,2021-11-15,8.0,0.04523084626843758,0.21989663899444722,0.1448809361635356,0.1484448560719785,0.03565053516650677,0.13914832946126743
snow_depth,bremen,all,2021,11,2021-11-15,7.0,0.048418270276063796,0.2040423089110476,0.12078772632689633,0.12286179005616114,0.01722102275741434,0.06706604821740303
snow_depth,bremen,all,2021,11,2021-11-15,6.0,0.08087503177019546,0.2232372518764122,0.1346656838834386,0.13270848792853662,0.016720734963223308,0.0718697932034338
snow_depth,bremen,all,2021,11,2021-11-15,5.0,0.10344395869659513,0.16744753610740842,0.13464838665418116,0.13364217555746072,0.013226296350028583,0.04951112185355645
snow_depth,bremen,all,2021,11,2021-11-15,4.0,0.09261583226008127,0.19570776596679365,0.1542140028163103,0.15474863081608503,0.014933834816082766,0.06629584704835054
snow_depth,bremen,all,2021,11,2021-11-15,3.0,0.08762828278091789,0.21037602859401003,0.15045873242604682,0.1488620526170049,0.020465309612024807,0.08135013274602397
snow_depth,bremen,all,2021,11,2021-11-15,2.0,0.07156790070726071,0.2865047806789937,0.1679441514939815,0.1727752648792101,0.030451255018023576,0.11208359907366347
snow_depth,bremen,all,2021,11,2021-11-15,1.0,0.07209788850319657,0.28829433941303956,0.1721072739763597,0.17044119393865576,0.025011273152598077,0.09562331996708086
snow_depth,bremen,all,2021,11,2021-11-15,0.0,,,,,,
snow_depth,bremen,all,2021,11,2021-11-15,11.0,,,,,,
snow_depth,bremen,fyi,2021,11,2021-11-15,4.0,0.09261583226008127,0.1942458535172074,0.15362622149367522,0.1545541852843573,0.014444552690429126,0.0640870091108803
snow_depth,bremen,fyi,2021,11,2021-11-15,5.0,0.10344395869659513,0.16744753610740842,0.13464838665418116,0.13364217555746072,0.013226296350028583,0.04951112185355645
snow_depth,bremen,fyi,2021,11,2021-11-15,6.0,0.08087503177019546,0.2232372518764122,0.1346656838834386,0.13270848792853662,0.016720734963223308,0.0718697932034338
snow_depth,bremen,myi,2021,11,2021-11-15,9.0,,,,,,
snow_depth,bremen,myi,2021,11,2021-11-15,10.0,,,,,,
snow_depth,bremen,myi,2021,11,2021-11-15,11.0,,,,,,
snow_depth,bremen,myi,2021,11,2021-11-15,12.0,,,,,,
snow_depth,bremen,myi,2021,11,2021-11-15,6.0,,,,,,
snow_depth,bremen,myi,2021,11,2021-11-15,14.0,,,,,,
snow_depth,bremen,myi,2021,11,2021-11-15,15.0,,,,,,
snow_depth,bremen,myi,2021,11,2021-11-15,16.0,,,,,,
snow_depth,bremen,myi,2021,11,2021-11-15,17.0,,,,,,
snow_depth,bremen,myi,2021,11,2021-11-15,18.0,,,,,,
snow_depth,bremen,myi,2021,11,2021-11-15,100.0,,,,,,
snow_depth,bremen,myi,2021,11,2021-11-15,5.0,,,,,,
snow_depth,bremen,myi,2021,11,2021-11-15,4.0,,,,,,
snow_depth,bremen,myi,2021,11,2021-11-15,3.0,,,,,,
snow_depth,bremen,myi,2021,11,2021-11-15,7.0,,,,,,
snow_depth,bremen,myi,2021,11,2021-11-15,2.0,,,,,,
snow_depth,bremen,myi,2021,11,2021-11-15,0.0,,,,,,
snow_depth,bremen,fyi,2021,11,2021-11-15,100.0,0.04523084626843758,0.2669455573292432,0.14664797673154562,0.14649389061923407,0.025415372483824035,0.10447145131563415
snow_depth,bremen,fyi,2021,11,2021-11-15,18.0,,,,,,
snow_depth,bremen,fyi,2021,11,2021-11-15,17.0,,,,,,
snow_depth,bremen,fyi,2021,11,2021-11-15,16.0,,,,,,
snow_depth,bremen,fyi,2021,11,2021-11-15,15.0,,,,,,
snow_depth,bremen,fyi,2021,11,2021-11-15,14.0,,,,,,
snow_depth,bremen,fyi,2021,11,2021-11-15,13.0,0.1099487204759398,0.1099487204759398,0.1099487204759398,0.1099487204759398,0.0,0.0
snow_depth,bremen,fyi,2021,11,2021-11-15,12.0,0.09549841778580553,0.2669455573292432,0.14024470554671042,0.13369585915895346,0.026431767793514176,0.09689164040309228
snow_depth,bremen,fyi,2021,11,2021-11-15,11.0,,,,,,
snow_depth,bremen,fyi,2021,11,2021-11-15,10.0,,,,,,
snow_depth,bremen,fyi,2021,11,2021-11-15,9.0,0.06049176919237269,0.19176284804953692,0.10303019062592764,0.1004914027473652,0.017927376050831462,0.08084629167088431
snow_depth,bremen,fyi,2021,11,2021-11-15,8.0,0.04523084626843758,0.2120170864715441,0.13557942226315955,0.14088576142553577,0.033896409103790416,0.1298544451226433
snow_depth,bremen,fyi,2021,11,2021-11-15,7.0,0.048418270276063796,0.2040423089110476,0.12078772632689633,0.12286179005616114,0.01722102275741434,0.06706604821740303
snow_depth,bremen,myi,2021,11,2021-11-15,1.0,,,,,,
snow_depth,bremen,myi,2021,11,2021-11-15,13.0,,,,,,
snow_depth,NaRRS,all,2021,11,2021-11-15,1.0,0.023249999999990223,0.3560000000000002,0.16570610625510088,0.15212394957983194,0.07475219265886851,0.2647537855750486
snow_depth,NaRRS,myi,2021,11,2021-11-15,5.0,,,,,,
snow_depth,NaRRS,fyi,2021,11,2021-11-15,12.0,0.01099999999999568,0.1673333333333311,0.08932012757965124,0.08282857142857132,0.028273059241604857,0.11158333333333605
snow_depth,NaRRS,fyi,2021,11,2021-11-15,13.0,0.057999999999992724,0.07200000000000273,0.06499999999999773,0.06499999999999773,0.007000000000005002,0.013440000000009611
snow_depth,NaRRS,fyi,2021,11,2021-11-15,14.0,,,,,,
snow_depth,NaRRS,fyi,2021,11,2021-11-15,15.0,,,,,,
snow_depth,NaRRS,fyi,2021,11,2021-11-15,17.0,,,,,,
snow_depth,NaRRS,fyi,2021,11,2021-11-15,18.0,,,,,,
snow_depth,NaRRS,fyi,2021,11,2021-11-15,100.0,0.006000000000000227,0.28000000000000114,0.09279141638610185,0.08950000000000102,0.027826544552564645,0.11555333333333107
snow_depth,NaRRS,myi,2021,11,2021-11-15,0.0,,,,,,
snow_depth,NaRRS,myi,2021,11,2021-11-15,1.0,0.16259523809523896,0.3560000000000002,0.2575506265434443,0.2610238095238102,0.04745987237918995,0.16283998088867757
snow_depth,NaRRS,myi,2021,11,2021-11-15,2.0,0.18090476190476154,0.28093750000000295,0.2206839118431447,0.21899431818181836,0.02196581524729686,0.08863413961039163
snow_depth,NaRRS,myi,2021,11,2021-11-15,3.0,0.13749999999998863,0.14799999999999613,0.14274999999999238,0.14274999999999238,0.005250000000003752,0.010080000000007194
snow_depth,NaRRS,myi,2021,11,2021-11-15,4.0,,,,,,
snow_depth,NaRRS,fyi,2021,11,2021-11-15,11.0,,,,,,
snow_depth,NaRRS,myi,2021,11,2021-11-15,6.0,,,,,,
snow_depth,NaRRS,myi,2021,11,2021-11-15,8.0,0.1800714285714285,0.22641935483870998,0.2102984385458906,0.21603846153846165,0.013394463233164523,0.042820423963133986
snow_depth,NaRRS,myi,2021,11,2021-11-15,9.0,,,,,,
snow_depth,NaRRS,myi,2021,11,2021-11-15,10.0,,,,,,
snow_depth,NaRRS,myi,2021,11,2021-11-15,11.0,,,,,,
snow_depth,NaRRS,myi,2021,11,2021-11-15,12.0,0.11999999999999744,0.3396818181818172,0.24497721072171658,0.24446666666666644,0.0438443327195156,0.16704249999999887
snow_depth,NaRRS,myi,2021,11,2021-11-15,13.0,,,,,,
snow_depth,NaRRS,myi,2021,11,2021-11-15,14.0,,,,,,
snow_depth,NaRRS,myi,2021,11,2021-11-15,15.0,,,,,,
snow_depth,NaRRS,myi,2021,11,2021-11-15,16.0,,,,,,
snow_depth,NaRRS,myi,2021,11,2021-11-15,17.0,,,,,,
snow_depth,NaRRS,myi,2021,11,2021-11-15,18.0,,,,,,
snow_depth,NaRRS,myi,2021,11,2021-11-15,100.0,0.11999999999999744,0.3560000000000002,0.2533348526488127,0.25461538461538497,0.04706720009128831,0.16427843855606528
snow_depth,NaRRS,myi,2021,11,2021-11-15,7.0,,,,,,
snow_depth,NaRRS,fyi,2021,11,2021-11-15,10.0,,,,,,
snow_depth,NaRRS,fyi,2021,11,2021-11-15,16.0,,,,,,
snow_depth,NaRRS,fyi,2021,11,2021-11-15,8.0,0.04600000000000004,0.2416666666666667,0.12675582293909157,0.12036111111111114,0.03812758854599386,0.15749571428571457
snow_depth,NaRRS,all,2021,11,2021-11-15,2.0,0.020666666666661133,0.28733333333333444,0.1446460390974669,0.14352777777777626,0.04774196002969838,0.1771966666666672
snow_depth,NaRRS,all,2021,11,2021-11-15,3.0,0.009000000000000341,0.28000000000000114,0.09601140004721882,0.09396874999999927,0.024658292630850367,0.10313666666665491
snow_depth,NaRRS,all,2021,11,2021-11-15,4.0,0.02650000000000574,0.15393750000000228,0.08397731355277598,0.082452380952383,0.02240852220695372,0.10017299999999812
snow_depth,NaRRS,all,2021,11,2021-11-15,5.0,0.01200000000000001,0.20399999999999974,0.08392669156605415,0.08149999999999984,0.02427697340525385,0.11184000000000258
snow_depth,NaRRS,all,2021,11,2021-11-15,6.0,0.008000000000000007,0.16699999999999982,0.0846813028219731,0.08400000000000066,0.022597798334616063,0.0944107777777804
snow_depth,NaRRS,all,2021,11,2021-11-15,7.0,0.006000000000000227,0.2356666666666669,0.09195964298598226,0.09012500000000001,0.030981050402495526,0.1114500000000001
snow_depth,NaRRS,all,2021,11,2021-11-15,8.0,0.04600000000000004,0.2416666666666667,0.15035980933085266,0.152,0.04216491115798859,0.14670200000000028
snow_depth,NaRRS,all,2021,11,2021-11-15,9.0,0.01750000000000007,0.1980000000000004,0.07748374541426031,0.07237500000000097,0.03088041099184552,0.12831714285714285
snow_depth,NaRRS,fyi,2021,11,2021-11-15,9.0,0.01750000000000007,0.1980000000000004,0.07702558278004956,0.07212500000000054,0.030608767765161148,0.12845619047619053
snow_depth,NaRRS,all,2021,11,2021-11-15,11.0,,,,,,
snow_depth,NaRRS,all,2021,11,2021-11-15,12.0,0.01099999999999568,0.3396818181818172,0.16739464628008677,0.1628624999999984,0.07404703159964121,0.2558992857142869
snow_depth,NaRRS,all,2021,11,2021-11-15,13.0,0.057999999999992724,0.07200000000000273,0.06499999999999773,0.06499999999999773,0.007000000000005002,0.013440000000009611
snow_depth,NaRRS,all,2021,11,2021-11-15,14.0,,,,,,
snow_depth,NaRRS,all,2021,11,2021-11-15,15.0,,,,,,
snow_depth,NaRRS,all,2021,11,2021-11-15,10.0,,,,,,
snow_depth,NaRRS,all,2021,11,2021-11-15,16.0,,,,,,
snow_depth,NaRRS,fyi,2021,11,2021-11-15,6.0,0.008000000000000007,0.16699999999999982,0.0846813028219731,0.08400000000000066,0.022597798334616063,0.0944107777777804
snow_depth,NaRRS,fyi,2021,11,2021-11-15,5.0,0.01200000000000001,0.1844999999999998,0.08367962714540816,0.08143181818181808,0.023682424980134453,0.11151250000000201
snow_depth,NaRRS,fyi,2021,11,2021-11-15,4.0,0.02650000000000574,0.14993749999999828,0.08300479583269722,0.08209999999999884,0.021433704249956827,0.09481999999998841
snow_depth,NaRRS,fyi,2021,11,2021-11-15,3.0,0.009000000000000341,0.28000000000000114,0.09511190559269324,0.09328571428571511,0.02442974607898028,0.09895799999999164
snow_depth,NaRRS,fyi,2021,11,2021-11-15,2.0,0.020666666666661133,0.18114285714285216,0.10387482606380043,0.10387500000000038,0.029651915926026447,0.11531818181818468
snow_depth,NaRRS,fyi,2021,11,2021-11-15,7.0,0.006000000000000227,0.2356666666666669,0.09195964298598226,0.09012500000000001,0.030981050402495526,0.1114500000000001
snow_depth,NaRRS,fyi,2021,11,2021-11-15,0.0,,,,,,
snow_depth,NaRRS,all,2021,11,2021-11-15,100.0,0.006000000000000227,0.3560000000000002,0.13108504782895003,0.10831136363636396,0.06627899169007112,0.2627057450980411
snow_depth,NaRRS,all,2021,11,2021-11-15,18.0,,,,,,
snow_depth,NaRRS,all,2021,11,2021-11-15,17.0,,,,,,
snow_depth,NaRRS,fyi,2021,11,2021-11-15,1.0,0.023249999999990223,0.23300000000000054,0.10086373467636807,0.09630952380952532,0.02599457719841326,0.10263099999999045
snow_depth,bremen,all,2021,12,2021-12-15,9.0,0.07180507012680837,0.20575326247037135,0.13583753909194235,0.1371573173243215,0.016540746696677096,0.07419958650965827
snow_depth,bremen,all,2021,12,2021-12-15,10.0,,,,,,
snow_depth,bremen,all,2021,12,2021-12-15,11.0,0.05910651435357829,0.16639975157364573,0.11835118901599576,0.12464296157209145,0.021800573580736796,0.0826748384476033
snow_depth,bremen,all,2021,12,2021-12-15,12.0,0.10310609635222245,0.3494751390953914,0.15778350864744667,0.1572020359122955,0.02409148310715267,0.08592021859208342
snow_depth,bremen,all,2021,12,2021-12-15,13.0,0.05512019666655783,0.22223818735535497,0.14474609768113922,0.13353921960399595,0.04261822497246507,0.14818098825802245
snow_depth,bremen,all,2021,12,2021-12-15,14.0,0.05488456054363135,0.19168073804230257,0.1141972685741088,0.11621589500979804,0.027149440692565353,0.10781018423630104
snow_depth,bremen,all,2021,12,2021-12-15,16.0,,,,,,
snow_depth,bremen,all,2021,12,2021-12-15,17.0,,,,,,
snow_depth,bremen,all,2021,12,2021-12-15,18.0,,,,,,
snow_depth,bremen,all,2021,12,2021-12-15,100.0,0.021084658203539348,0.3631345902910829,0.1612425483728659,0.16232328693795595,0.027854421040117424,0.12216992045712963
snow_depth,bremen,fyi,2021,12,2021-12-15,0.0,,,,,,
snow_depth,bremen,all,2021,12,2021-12-15,8.0,0.030258367462366334,0.2567894200807352,0.14271806844777002,0.1525350648891864,0.033579080695460076,0.1300297948218174
snow_depth,bremen,all,2021,12,2021-12-15,15.0,,,,,,
snow_depth,bremen,all,2021,12,2021-12-15,7.0,0.021084658203539348,0.1837157512260493,0.12302507390963473,0.125127869924013,0.02237387229976044,0.08835674679449496
snow_depth,NaRRS,myi,2021,12,2021-12-15,18.0,,,,,,
snow_depth,bremen,all,2021,12,2021-12-15,5.0,0.09859515093937865,0.186633156843713,0.14989046010094628,0.14991604754663856,0.013191170160753133,0.055032459895497404
snow_depth,bremen,all,2021,12,2021-12-15,4.0,0.13869423930527833,0.20559488230807327,0.1703233303496107,0.16780521691423297,0.010209822454215199,0.042844225066706515
snow_depth,bremen,all,2021,12,2021-12-15,3.0,0.14329049051750298,0.23140657760746022,0.17425161253734753,0.17539298514520021,0.014953291408165916,0.05623057267894005
snow_depth,bremen,all,2021,12,2021-12-15,2.0,0.05524276486145975,0.3631345902910829,0.1778708222258437,0.17871730841362823,0.02571153812348611,0.09055217199064053
snow_depth,bremen,all,2021,12,2021-12-15,1.0,0.06930790876511991,0.26850788527755054,0.17869825854908128,0.1715320904850029,0.02340822576685868,0.08734588032209223
snow_depth,bremen,all,2021,12,2021-12-15,0.0,,,,,,
snow_depth,NaRRS,all,2021,12,2021-12-15,6.0,0.009000000000000341,0.24850000000000003,0.09782051322806615,0.09786666666666607,0.02119663704100401,0.09043733333333318
snow_depth,NaRRS,all,2021,12,2021-12-15,5.0,0.04499999999999993,0.19099999999999984,0.09868839094561803,0.09560000000000173,0.022972978201122273,0.09702689855072613
snow_depth,NaRRS,all,2021,12,2021-12-15,4.0,0.027000000000001023,0.16035294117647053,0.0972727683319773,0.09753846153846268,0.0192275621052147,0.08498933333333025
snow_depth,NaRRS,all,2021,12,2021-12-15,3.0,0.007500000000000284,0.2392499999999984,0.10916552538406281,0.1074999999999946,0.021371342332574216,0.09328571428572323
snow_depth,NaRRS,all,2021,12,2021-12-15,2.0,0.04599999999999227,0.4049473684210543,0.1506932961629158,0.14529411764705707,0.05123145681760895,0.20402745098038255
snow_depth,NaRRS,all,2021,12,2021-12-15,1.0,0.035000000000003695,0.39605405405405475,0.17222202359336877,0.14769066764132582,0.08245166887374791,0.29332681818181605
snow_depth,NaRRS,all,2021,12,2021-12-15,0.0,,,,,,
snow_depth,bremen,fyi,2021,12,2021-12-15,1.0,0.06930790876511991,0.26850788527755054,0.1741057889397769,0.1687340385010401,0.021649151339400586,0.08366382862214067
snow_depth,bremen,all,2021,12,2021-12-15,6.0,0.08681872315686306,0.21877168397098523,0.1541112709401701,0.15577000732004015,0.014066061419331746,0.06657493131583493
snow_depth,NaRRS,myi,2021,12,2021-12-15,100.0,0.09100000000000108,0.4049473684210543,0.27864482199341956,0.2816842105263162,0.057489663356053336,0.2015188034188032
snow_depth,bremen,fyi,2021,12,2021-12-15,2.0,0.05524276486145975,0.20781785678439854,0.1668725914851335,0.1628795426057943,0.020229283953618345,0.07299861236014493
snow_depth,bremen,fyi,2021,12,2021-12-15,4.0,0.13869423930527833,0.20559488230807327,0.1702159568612103,0.16778622026353057,0.010090851136284483,0.04246420348064647
snow_depth,NaRRS,fyi,2021,12,2021-12-15,14.0,0.007000000000005002,0.17566666666666228,0.0851975490196082,0.08375000000000199,0.040192965138279864,0.15700666666666566
snow_depth,NaRRS,fyi,2021,12,2021-12-15,13.0,0.02599999999999625,0.2413333333333393,0.09767845864661578,0.08424999999999727,0.04092571907495329,0.13766000000000106
snow_depth,NaRRS,fyi,2021,12,2021-12-15,12.0,0.024499999999999744,0.20900000000000318,0.08980402180327614,0.08668750000000158,0.023950775138090984,0.10911999999999489
snow_depth,NaRRS,fyi,2021,12,2021-12-15,11.0,0.006000000000000227,0.255,0.08545382205513763,0.08058333333333367,0.03088288751460645,0.12415000000000043
snow_depth,NaRRS,fyi,2021,12,2021-12-15,10.0,,,,,,
snow_depth,NaRRS,fyi,2021,12,2021-12-15,9.0,0.010999999999999233,0.23150000000000004,0.09972758437201111,0.10041176470588177,0.026095284151588665,0.10340800000000011
snow_depth,NaRRS,fyi,2021,12,2021-12-15,8.0,0.018000000000000002,0.213,0.12876626522505746,0.12962500000000005,0.0334220657208708,0.13699000000000022
snow_depth,NaRRS,fyi,2021,12,2021-12-15,7.0,0.015333333333333718,0.25900000000000034,0.09987623401741781,0.09999999999999964,0.023152486007459606,0.09707999999999961
snow_depth,NaRRS,fyi,2021,12,2021-12-15,15.0,,,,,,
snow_depth,NaRRS,fyi,2021,12,2021-12-15,6.0,0.009000000000000341,0.24850000000000003,0.09782051322806615,0.09786666666666607,0.02119663704100401,0.09043733333333318
snow_depth,NaRRS,fyi,2021,12,2021-12-15,4.0,0.027000000000001023,0.16035294117647053,0.09708253091592568,0.09736363636363489,0.019019327083949697,0.08398736842105636
snow_depth,NaRRS,fyi,2021,12,2021-12-15,3.0,0.007500000000000284,0.2392499999999984,0.10706248476394283,0.10683333333333185,0.017854380585241972,0.07902857142857278
snow_depth,NaRRS,fyi,2021,12,2021-12-15,2.0,0.04599999999999227,0.18709090909090584,0.1097985598049812,0.10927272727272969,0.025058616114975677,0.0981593162393099
snow_depth,NaRRS,fyi,2021,12,2021-12-15,1.0,0.035000000000003695,0.2049999999999983,0.11055677194106768,0.10749999999999978,0.02485663168086459,0.09609928115941933
snow_depth,NaRRS,fyi,2021,12,2021-12-15,0.0,,,,,,
snow_depth,NaRRS,all,2021,12,2021-12-15,100.0,0.006000000000000227,0.4049473684210543,0.13172666812777897,0.11028571428571712,0.06416274262447512,0.27800104947526155
snow_depth,NaRRS,all,2021,12,2021-12-15,18.0,,,,,,
snow_depth,NaRRS,all,2021,12,2021-12-15,17.0,,,,,,
snow_depth,NaRRS,fyi,2021,12,2021-12-15,5.0,0.04499999999999993,0.19099999999999984,0.09744412549956034,0.09499999999999886,0.022297906950946293,0.09680434782608704
snow_depth,NaRRS,fyi,2021,12,2021-12-15,16.0,,,,,,
snow_depth,NaRRS,fyi,2021,12,2021-12-15,17.0,,,,,,
snow_depth,NaRRS,fyi,2021,12,2021-12-15,18.0,,,,,,
snow_depth,NaRRS,myi,2021,12,2021-12-15,17.0,,,,,,
snow_depth,NaRRS,myi,2021,12,2021-12-15,16.0,,,,,,
snow_depth,NaRRS,myi,2021,12,2021-12-15,15.0,,,,,,
snow_depth,NaRRS,myi,2021,12,2021-12-15,14.0,,,,,,
snow_depth,NaRRS,myi,2021,12,2021-12-15,13.0,0.16374999999999318,0.1909999999999954,0.1773749999999943,0.1773749999999943,0.013625000000001108,0.026160000000002126
snow_depth,NaRRS,myi,2021,12,2021-12-15,12.0,0.13100000000000023,0.3870357142857147,0.26784168485430493,0.27338461538461634,0.05779169576873973,0.20433548872180102
snow_depth,NaRRS,myi,2021,12,2021-12-15,11.0,,,,,,
snow_depth,NaRRS,myi,2021,12,2021-12-15,10.0,,,,,,
snow_depth,NaRRS,myi,2021,12,2021-12-15,9.0,0.09100000000000108,0.09100000000000108,0.09100000000000108,0.09100000000000108,0.0,0.0
snow_depth,NaRRS,myi,2021,12,2021-12-15,8.0,0.131,0.23903333333333338,0.16160666666666668,0.14,0.04026999103275017,0.1016306666666667
snow_depth,NaRRS,myi,2021,12,2021-12-15,7.0,,,,,,
snow_depth,NaRRS,myi,2021,12,2021-12-15,6.0,,,,,,
snow_depth,NaRRS,myi,2021,12,2021-12-15,5.0,,,,,,
snow_depth,NaRRS,myi,2021,12,2021-12-15,4.0,,,,,,
snow_depth,NaRRS,myi,2021,12,2021-12-15,3.0,0.10050000000000381,0.22674999999999912,0.18293055555555485,0.18924999999999415,0.031518638543204476,0.1114549999999958
snow_depth,NaRRS,myi,2021,12,2021-12-15,2.0,0.1630000000000038,0.4049473684210543,0.2312520789726472,0.2192857142857138,0.04024382334316304,0.15010214206845923
snow_depth,NaRRS,myi,2021,12,2021-12-15,1.0,0.1840000000000004,0.39605405405405475,0.28938245291286036,0.2917692307692307,0.053268570606594935,0.1814804587522403
snow_depth,NaRRS,myi,2021,12,2021-12-15,0.0,,,,,,
snow_depth,NaRRS,fyi,2021,12,2021-12-15,100.0,0.006000000000000227,0.25900000000000034,0.10292731089144191,0.10158333333333343,0.025106716937081826,0.10682000000000125
snow_depth,NaRRS,all,2021,12,2021-12-15,16.0,,,,,,
snow_depth,bremen,fyi,2021,12,2021-12-15,3.0,0.14329049051750298,0.22061328710232897,0.1735619902558808,0.17475526013589254,0.014499084569087457,0.05127883449402659
snow_depth,NaRRS,all,2021,12,2021-12-15,15.0,,,,,,
snow_depth,NaRRS,all,2021,12,2021-12-15,13.0,0.02599999999999625,0.2413333333333393,0.1029756010171051,0.08899999999999864,0.04374522493428899,0.1490866666666642
snow_depth,bremen,myi,2021,12,2021-12-15,2.0,,,,,,
snow_depth,bremen,myi,2021,12,2021-12-15,1.0,,,,,,
snow_depth,bremen,myi,2021,12,2021-12-15,0.0,,,,,,
snow_depth,bremen,fyi,2021,12,2021-12-15,100.0,0.021084658203539348,0.26850788527755054,0.15798229726556906,0.1605886128591292,0.02580844300541566,0.1144912254555604
snow_depth,bremen,fyi,2021,12,2021-12-15,18.0,,,,,,
snow_depth,bremen,fyi,2021,12,2021-12-15,17.0,,,,,,
snow_depth,bremen,fyi,2021,12,2021-12-15,16.0,,,,,,
snow_depth,bremen,fyi,2021,12,2021-12-15,15.0,,,,,,
snow_depth,bremen,myi,2021,12,2021-12-15,3.0,,,,,,
snow_depth,bremen,fyi,2021,12,2021-12-15,14.0,0.05488456054363135,0.19168073804230257,0.1141972685741088,0.11621589500979804,0.027149440692565353,0.10781018423630104
snow_depth,bremen,fyi,2021,12,2021-12-15,12.0,0.10310609635222245,0.2032569512973751,0.15462859139237073,0.15578226593798078,0.01670697045107675,0.07448870761595769
snow_depth,bremen,fyi,2021,12,2021-12-15,11.0,0.05910651435357829,0.16639975157364573,0.11835118901599576,0.12464296157209145,0.021800573580736796,0.0826748384476033
snow_depth,bremen,fyi,2021,12,2021-12-15,10.0,,,,,,
snow_depth,bremen,fyi,2021,12,2021-12-15,9.0,0.07180507012680837,0.1979838424213602,0.1353845387272561,0.13707140443937932,0.015819326675493177,0.06816346538243327
snow_depth,bremen,fyi,2021,12,2021-12-15,8.0,0.030258367462366334,0.2567894200807352,0.13764217109911014,0.14586765992940814,0.03347643562124868,0.1233816668488112
snow_depth,bremen,fyi,2021,12,2021-12-15,7.0,0.021084658203539348,0.1837157512260493,0.12290752387676249,0.12483909691730463,0.022427562979691604,0.0887521186279946
snow_depth,bremen,fyi,2021,12,2021-12-15,6.0,0.08681872315686306,0.21877168397098523,0.1541112709401701,0.15577000732004015,0.014066061419331746,0.06657493131583493
snow_depth,bremen,fyi,2021,12,2021-12-15,5.0,0.09859515093937865,0.186633156843713,0.14926936680024896,0.1494532222254819,0.013018608920810252,0.05523485939816079
snow_depth,bremen,fyi,2021,12,2021-12-15,13.0,0.05512019666655783,0.22077149814192626,0.1398449383256642,0.13079217591953482,0.040499324813265944,0.14247363089009324
snow_depth,bremen,myi,2021,12,2021-12-15,4.0,,,,,,
snow_depth,bremen,myi,2021,12,2021-12-15,5.0,,,,,,
snow_depth,bremen,myi,2021,12,2021-12-15,6.0,,,,,,
snow_depth,NaRRS,all,2021,12,2021-12-15,12.0,0.024499999999999744,0.3870357142857147,0.15544786822701,0.12306250000000235,0.0866735190089433,0.28712907692307715
snow_depth,NaRRS,all,2021,12,2021-12-15,11.0,0.006000000000000227,0.255,0.08545382205513763,0.08058333333333367,0.03088288751460645,0.12415000000000043
snow_depth,NaRRS,all,2021,12,2021-12-15,10.0,,,,,,
snow_depth,NaRRS,all,2021,12,2021-12-15,9.0,0.010999999999999233,0.23150000000000004,0.10052942769403907,0.1004365079365077,0.02733800102058758,0.11151999999999841
snow_depth,NaRRS,all,2021,12,2021-12-15,8.0,0.018000000000000002,0.23903333333333338,0.1455046309997309,0.14611538461538456,0.038961613517637335,0.14965470588235302
snow_depth,NaRRS,all,2021,12,2021-12-15,7.0,0.015333333333333718,0.25900000000000034,0.10006630796862527,0.0999999999999998,0.023183381553364097,0.0966799999999998
snow_depth,bremen,myi,2021,12,2021-12-15,100.0,,,,,,
snow_depth,bremen,myi,2021,12,2021-12-15,18.0,,,,,,
snow_depth,bremen,myi,2021,12,2021-12-15,17.0,,,,,,
snow_depth,bremen,myi,2021,12,2021-12-15,16.0,,,,,,
snow_depth,bremen,myi,2021,12,2021-12-15,15.0,,,,,,
snow_depth,bremen,myi,2021,12,2021-12-15,14.0,,,,,,
snow_depth,bremen,myi,2021,12,2021-12-15,13.0,,,,,,
snow_depth,bremen,myi,2021,12,2021-12-15,12.0,,,,,,
snow_depth,bremen,myi,2021,12,2021-12-15,11.0,,,,,,
snow_depth,bremen,myi,2021,12,2021-12-15,10.0,,,,,,
snow_depth,bremen,myi,2021,12,2021-12-15,9.0,,,,,,
snow_depth,bremen,myi,2021,12,2021-12-15,8.0,,,,,,
snow_depth,bremen,myi,2021,12,2021-12-15,7.0,,,,,,
snow_depth,NaRRS,all,2021,12,2021-12-15,14.0,0.007000000000005002,0.17566666666666228,0.0851975490196082,0.08375000000000199,0.040192965138279864,0.15700666666666566
snow_depth,bremen,myi,2022,1,2022-01-15,16.0,,,,,,
snow_depth,bremen,fyi,2022,1,2022-01-15,5.0,0.11743317799443298,0.1903611471050561,0.15053730684747543,0.15070561735791946,0.015486851811468652,0.0608629620936386
snow_depth,bremen,all,2022,1,2022-01-15,1.0,0.06445662489379692,0.24433655434400625,0.17316976871965073,0.16741193060271525,0.021881292764664592,0.08143086213932921
snow_depth,bremen,fyi,2022,1,2022-01-15,10.0,,,,,,
snow_depth,bremen,fyi,2022,1,2022-01-15,11.0,0.10157020733711741,0.19501124376890372,0.15652962335698975,0.15858677217230494,0.010519053247892885,0.043954797382366545
snow_depth,bremen,fyi,2022,1,2022-01-15,12.0,0.12155471040783751,0.26540502682209033,0.16174451180019694,0.1610268431600116,0.016847952994438236,0.07242204649468517
snow_depth,bremen,fyi,2022,1,2022-01-15,13.0,0.06055385329643039,0.23710675342684912,0.15895827846181756,0.15593621826364262,0.036221772725558356,0.1396409888213121
snow_depth,bremen,fyi,2022,1,2022-01-15,14.0,0.052932720612488826,0.17604046256416417,0.12185733508066651,0.12278575702949199,0.023073520996516727,0.09714404687741905
snow_depth,bremen,fyi,2022,1,2022-01-15,15.0,,,,,,
snow_depth,bremen,fyi,2022,1,2022-01-15,16.0,,,,,,
snow_depth,bremen,fyi,2022,1,2022-01-15,17.0,,,,,,
snow_depth,bremen,fyi,2022,1,2022-01-15,18.0,,,,,,
snow_depth,bremen,fyi,2022,1,2022-01-15,100.0,0.050327722967336355,0.26540502682209033,0.1612467881566787,0.1617433112055538,0.022306917578093177,0.10119386238029326
snow_depth,bremen,myi,2022,1,2022-01-15,0.0,,,,,,
snow_depth,bremen,fyi,2022,1,2022-01-15,9.0,0.06709924534906066,0.2182935927057721,0.15848486836500375,0.15777943826672633,0.023253546493579382,0.10062637338577056
snow_depth,bremen,myi,2022,1,2022-01-15,1.0,,,,,,
snow_depth,bremen,myi,2022,1,2022-01-15,3.0,,,,,,
snow_depth,bremen,myi,2022,1,2022-01-15,4.0,,,,,,
snow_depth,bremen,myi,2022,1,2022-01-15,5.0,,,,,,
snow_depth,bremen,myi,2022,1,2022-01-15,6.0,,,,,,
snow_depth,bremen,myi,2022,1,2022-01-15,7.0,,,,,,
snow_depth,bremen,myi,2022,1,2022-01-15,8.0,,,,,,
snow_depth,bremen,myi,2022,1,2022-01-15,9.0,,,,,,
snow_depth,bremen,myi,2022,1,2022-01-15,10.0,,,,,,
snow_depth,bremen,myi,2022,1,2022-01-15,11.0,,,,,,
snow_depth,bremen,myi,2022,1,2022-01-15,12.0,,,,,,
snow_depth,bremen,myi,2022,1,2022-01-15,13.0,,,,,,
snow_depth,bremen,myi,2022,1,2022-01-15,2.0,,,,,,
snow_depth,bremen,all,2022,1,2022-01-15,0.0,,,,,,
snow_depth,bremen,fyi,2022,1,2022-01-15,8.0,0.050327722967336355,0.2208611300047348,0.15581319409693026,0.16355789384217087,0.030578071348275462,0.12293505848257429
snow_depth,bremen,fyi,2022,1,2022-01-15,6.0,0.10028998347125656,0.21076550999916546,0.14964435966534487,0.15115306538002815,0.014120567931998965,0.059781460978750436
snow_depth,bremen,all,2022,1,2022-01-15,2.0,0.11278937083606541,0.3111113279618228,0.18217304633974182,0.18186311073974584,0.018828710800688972,0.07170115341627664
snow_depth,bremen,all,2022,1,2022-01-15,3.0,0.14906262559715303,0.24983834693759088,0.17623301745937484,0.17460624201932817,0.0136409562493207,0.05777242513666206
snow_depth,bremen,all,2022,1,2022-01-15,4.0,0.13172879838743817,0.22664135784232003,0.1681080181587336,0.1670489719297269,0.011094230172483125,0.04821191663614832
snow_depth,bremen,all,2022,1,2022-01-15,5.0,0.11743317799443298,0.1903611471050561,0.15282103444231168,0.15280410548071982,0.016489532360839967,0.06084700311323679
snow_depth,bremen,all,2022,1,2022-01-15,6.0,0.10028998347125656,0.21076550999916546,0.14964435966534487,0.15115306538002815,0.014120567931998965,0.059781460978750436
snow_depth,bremen,all,2022,1,2022-01-15,7.0,0.060627364922031156,0.19350881483570337,0.13639037868293713,0.14526829756459625,0.025098634803878975,0.08913140267211968
snow_depth,bremen,all,2022,1,2022-01-15,8.0,0.050327722967336355,0.2567482022966001,0.15663832863844027,0.16358878940303673,0.030757426535249408,0.12450373940155754
snow_depth,bremen,all,2022,1,2022-01-15,9.0,0.06709924534906066,0.2182935927057721,0.15892569515069227,0.157980455057307,0.023558636874632898,0.10094766475284679
snow_depth,bremen,all,2022,1,2022-01-15,10.0,,,,,,
snow_depth,bremen,all,2022,1,2022-01-15,11.0,0.10157020733711741,0.19501124376890372,0.15652962335698975,0.15858677217230494,0.010519053247892885,0.043954797382366545
snow_depth,bremen,all,2022,1,2022-01-15,12.0,0.12155471040783751,0.36817527779857573,0.16411824471512376,0.1622159260262719,0.024082172344782434,0.07449485483460652
snow_depth,bremen,fyi,2022,1,2022-01-15,7.0,0.060627364922031156,0.19350881483570337,0.13601280148579306,0.14511176788598038,0.02512321442851395,0.08934296913005624
snow_depth,bremen,all,2022,1,2022-01-15,13.0,0.06055385329643039,0.23710675342684912,0.15937612380117736,0.15671457129961058,0.036268949538579,0.1395264932347008
snow_depth,bremen,all,2022,1,2022-01-15,15.0,,,,,,
snow_depth,bremen,all,2022,1,2022-01-15,16.0,,,,,,
snow_depth,bremen,all,2022,1,2022-01-15,17.0,,,,,,
snow_depth,bremen,all,2022,1,2022-01-15,18.0,,,,,,
snow_depth,bremen,all,2022,1,2022-01-15,100.0,0.050327722967336355,0.36817527779857573,0.16305164867586466,0.1627983156758302,0.023473347335601632,0.10341864930113792
snow_depth,bremen,fyi,2022,1,2022-01-15,0.0,,,,,,
snow_depth,bremen,fyi,2022,1,2022-01-15,1.0,0.06445662489379692,0.23620480019072035,0.17057027979576841,0.1649512200022831,0.02117077866020229,0.07922524934727046
snow_depth,bremen,fyi,2022,1,2022-01-15,2.0,0.11278937083606541,0.21244253654434297,0.1762714075276504,0.17856076720829317,0.014106887144436451,0.05134520173635254
snow_depth,bremen,fyi,2022,1,2022-01-15,3.0,0.14906262559715303,0.24983834693759088,0.1759438032577221,0.1744065294372025,0.013239526810067357,0.052518942322374584
snow_depth,bremen,fyi,2022,1,2022-01-15,4.0,0.13172879838743817,0.22664135784232003,0.16809152443856148,0.16704033234744947,0.011098342763628817,0.04824271343618389
snow_depth,bremen,myi,2022,1,2022-01-15,17.0,,,,,,
snow_depth,bremen,all,2022,1,2022-01-15,14.0,0.052932720612488826,0.17604046256416417,0.12185733508066651,0.12278575702949199,0.023073520996516727,0.09714404687741905
snow_depth,bremen,myi,2022,1,2022-01-15,18.0,,,,,,
snow_depth,bremen,myi,2022,1,2022-01-15,15.0,,,,,,
snow_depth,NaRRS,myi,2022,1,2022-01-15,18.0,,,,,,
snow_depth,NaRRS,fyi,2022,1,2022-01-15,12.0,0.05599999999999916,0.16399999999998727,0.09974787913673597,0.09795833333333057,0.019612737232660542,0.0772980000000006
snow_depth,NaRRS,fyi,2022,1,2022-01-15,13.0,0.0040000000000048885,0.23699999999999477,0.0974996319300668,0.09020833333333358,0.04210732870776049,0.17741666666666708
snow_depth,NaRRS,fyi,2022,1,2022-01-15,14.0,0.009000000000000341,0.2079999999999984,0.09000924361936649,0.08549999999999613,0.032956852916078395,0.1508571428571402
snow_depth,NaRRS,fyi,2022,1,2022-01-15,15.0,,,,,,
snow_depth,NaRRS,fyi,2022,1,2022-01-15,16.0,,,,,,
snow_depth,NaRRS,fyi,2022,1,2022-01-15,17.0,,,,,,
snow_depth,NaRRS,fyi,2022,1,2022-01-15,18.0,,,,,,
snow_depth,NaRRS,fyi,2022,1,2022-01-15,100.0,0.0,0.32200000000000006,0.10858368282207197,0.10643050193050152,0.02878506878599031,0.12450500000000775
snow_depth,NaRRS,myi,2022,1,2022-01-15,0.0,,,,,,
snow_depth,NaRRS,myi,2022,1,2022-01-15,1.0,0.17600000000000193,0.43200000000000216,0.31245066984968645,0.3132153846153827,0.054218631152844074,0.18959558354876516
snow_depth,NaRRS,myi,2022,1,2022-01-15,2.0,0.13618181818181732,0.3914000000000016,0.2470877986940338,0.2341602941176474,0.04297475042194068,0.17023416666666452
snow_depth,NaRRS,myi,2022,1,2022-01-15,3.0,,,,,,
snow_depth,NaRRS,myi,2022,1,2022-01-15,4.0,0.15800000000000125,0.15800000000000125,0.15800000000000125,0.15800000000000125,0.0,0.0
snow_depth,NaRRS,fyi,2022,1,2022-01-15,11.0,0.0030000000000001137,0.32200000000000006,0.09917089881974729,0.09899999999999987,0.024733863963093326,0.09978000000000095
snow_depth,NaRRS,myi,2022,1,2022-01-15,5.0,0.11824999999999974,0.1807142857142858,0.15849273345701914,0.16283333333333397,0.021029342797087878,0.05990857142857256
snow_depth,NaRRS,myi,2022,1,2022-01-15,7.0,,,,,,
snow_depth,NaRRS,myi,2022,1,2022-01-15,8.0,0.10733333333333332,0.2645555555555554,0.22081294831055084,0.2375,0.042409551374067676,0.14271529411764694
snow_depth,NaRRS,myi,2022,1,2022-01-15,9.0,0.1269999999999989,0.21800000000000086,0.1698333333333332,0.16449999999999987,0.0373415169602006,0.08736000000000191
snow_depth,NaRRS,myi,2022,1,2022-01-15,10.0,,,,,,
snow_depth,NaRRS,myi,2022,1,2022-01-15,11.0,,,,,,
snow_depth,NaRRS,myi,2022,1,2022-01-15,12.0,0.14214285714285796,0.4179166666666678,0.2872704407877651,0.2945625000000005,0.0678981958056424,0.22617142857142722
snow_depth,NaRRS,myi,2022,1,2022-01-15,13.0,,,,,,
snow_depth,NaRRS,myi,2022,1,2022-01-15,14.0,,,,,,
snow_depth,NaRRS,myi,2022,1,2022-01-15,15.0,,,,,,
snow_depth,NaRRS,myi,2022,1,2022-01-15,16.0,,,,,,
snow_depth,NaRRS,myi,2022,1,2022-01-15,17.0,,,,,,
snow_depth,NaRRS,myi,2022,1,2022-01-15,100.0,0.10733333333333332,0.43200000000000216,0.2982750239547541,0.29953125000000136,0.06172532466553924,0.22380651044157637
snow_depth,bremen,myi,2022,1,2022-01-15,14.0,,,,,,
snow_depth,NaRRS,myi,2022,1,2022-01-15,6.0,,,,,,
snow_depth,NaRRS,fyi,2022,1,2022-01-15,10.0,,,,,,
snow_depth,bremen,myi,2022,1,2022-01-15,100.0,,,,,,
snow_depth,NaRRS,fyi,2022,1,2022-01-15,8.0,0.02300000000000002,0.267,0.14455908657984273,0.14654545454545456,0.0338814031937681,0.13450000000000034
snow_depth,NaRRS,fyi,2022,1,2022-01-15,9.0,0.0,0.21699999999999986,0.11175851301103425,0.1142604166666667,0.03818945711667747,0.1444500000000003
snow_depth,NaRRS,all,2022,1,2022-01-15,2.0,0.060200000000000385,0.3914000000000016,0.1587790351188909,0.1448823529411778,0.05204305698665906,0.2055432416267905
snow_depth,NaRRS,all,2022,1,2022-01-15,3.0,0.05239999999999441,0.22350000000000136,0.11125226803895781,0.10677500000000002,0.023996163214687734,0.11570000000000137
snow_depth,NaRRS,all,2022,1,2022-01-15,4.0,0.0266666666666661,0.15800000000000125,0.10152470297314663,0.10199999999999439,0.017129450374289867,0.072226666666673
snow_depth,NaRRS,all,2022,1,2022-01-15,5.0,0.015500000000002956,0.21099999999999852,0.10026527929463032,0.0948666666666668,0.03303867125131431,0.13586188235293742
snow_depth,NaRRS,all,2022,1,2022-01-15,6.0,0.012999999999998124,0.22049999999999947,0.10555650095446337,0.10433333333333383,0.026345613051654632,0.11190060606060603
snow_depth,NaRRS,all,2022,1,2022-01-15,7.0,0.008999999999999897,0.22100000000000364,0.1075354020903725,0.10854040404040449,0.02780894929942877,0.12723999999999977
snow_depth,NaRRS,all,2022,1,2022-01-15,8.0,0.02300000000000002,0.267,0.16475910058063417,0.16136029411764705,0.04257526093546134,0.16511223776223732
snow_depth,NaRRS,all,2022,1,2022-01-15,9.0,0.0,0.21800000000000086,0.11323470648256648,0.1160999999999999,0.038836507427121664,0.15159300000000012
snow_depth,NaRRS,all,2022,1,2022-01-15,10.0,,,,,,
snow_depth,NaRRS,all,2022,1,2022-01-15,11.0,0.0030000000000001137,0.32200000000000006,0.09917089881974729,0.09899999999999987,0.024733863963093326,0.09978000000000095
snow_depth,NaRRS,all,2022,1,2022-01-15,12.0,0.05599999999999916,0.4179166666666678,0.16800063195791204,0.1289130434782604,0.0923370058544647,0.30435650574713224
snow_depth,NaRRS,all,2022,1,2022-01-15,13.0,0.0040000000000048885,0.2494999999999976,0.09824455822950451,0.09033333333332887,0.04293740467308444,0.18280666666666764
snow_depth,NaRRS,all,2022,1,2022-01-15,1.0,0.03266666666666692,0.43200000000000216,0.17672875346830927,0.14639230769230654,0.0881557950502698,0.31038169922670017
snow_depth,NaRRS,all,2022,1,2022-01-15,15.0,,,,,,
snow_depth,NaRRS,fyi,2022,1,2022-01-15,7.0,0.008999999999999897,0.22100000000000364,0.10683405771963314,0.10828571428571448,0.027363802736974467,0.12613666666666673
snow_depth,NaRRS,all,2022,1,2022-01-15,14.0,0.009000000000000341,0.2079999999999984,0.09000924361936649,0.08549999999999613,0.032956852916078395,0.1508571428571402
snow_depth,NaRRS,fyi,2022,1,2022-01-15,6.0,0.012999999999998124,0.22049999999999947,0.10555650095446337,0.10433333333333383,0.026345613051654632,0.11190060606060603
snow_depth,NaRRS,fyi,2022,1,2022-01-15,5.0,0.015500000000002956,0.21099999999999852,0.09440927479577214,0.09143749999999955,0.02858099077325872,0.1127761538461469
snow_depth,NaRRS,fyi,2022,1,2022-01-15,4.0,0.0266666666666661,0.15368181818181884,0.10144471458206607,0.10183625730994074,0.017052783893533097,0.07201055555556381
snow_depth,NaRRS,fyi,2022,1,2022-01-15,3.0,0.05239999999999441,0.22350000000000136,0.11051185970193059,0.10657142857142787,0.023104929400704233,0.11125264957265366
snow_depth,NaRRS,all,2022,1,2022-01-15,0.0,,,,,,
snow_depth,NaRRS,fyi,2022,1,2022-01-15,1.0,0.03266666666666692,0.1923225806451623,0.11686076002135848,0.11189999999999962,0.02647482101749142,0.10461412987012923
snow_depth,NaRRS,fyi,2022,1,2022-01-15,0.0,,,,,,
snow_depth,NaRRS,all,2022,1,2022-01-15,100.0,0.0,0.43200000000000216,0.13403818889781785,0.11407692307692195,0.06562314234903785,0.3006048134900358
snow_depth,NaRRS,all,2022,1,2022-01-15,18.0,,,,,,
snow_depth,NaRRS,fyi,2022,1,2022-01-15,2.0,0.060200000000000385,0.25,0.12014498364722612,0.11953846153846169,0.020690795326588234,0.08069454545454749
snow_depth,NaRRS,all,2022,1,2022-01-15,17.0,,,,,,
snow_depth,NaRRS,all,2022,1,2022-01-15,16.0,,,,,,
snow_depth,NaRRS,fyi,2022,2,2022-02-15,100.0,0.001999999999995339,0.27699999999999925,0.11861262217592378,0.11602941176470652,0.03498957860983432,0.14782988744588788
snow_depth,NaRRS,fyi,2022,2,2022-02-15,18.0,,,,,,
snow_depth,NaRRS,fyi,2022,2,2022-02-15,17.0,0.049749999999999996,0.14220000000000002,0.10438181818181817,0.10700000000000001,0.02563003629202617,0.08466000000000004
snow_depth,NaRRS,fyi,2022,2,2022-02-15,16.0,,,,,,
snow_depth,NaRRS,fyi,2022,2,2022-02-15,14.0,0.0020000000000095497,0.23700000000000898,0.09459032029478442,0.0886666666666637,0.04076255301435545,0.17581999999999703
snow_depth,NaRRS,fyi,2022,2,2022-02-15,13.0,0.012999999999991019,0.24975000000000236,0.09804131161236425,0.0907083333333342,0.037169804671167934,0.16065714285713792
snow_depth,NaRRS,fyi,2022,2,2022-02-15,12.0,0.055000000000004455,0.2469999999999999,0.11862604580454426,0.11437499999999545,0.02467676830181947,0.10460000000000101
snow_depth,NaRRS,fyi,2022,2,2022-02-15,11.0,0.02599999999999625,0.21299999999999866,0.11726730817992803,0.11942857142857156,0.03239556837097212,0.12695111111110596
snow_depth,NaRRS,fyi,2022,2,2022-02-15,10.0,,,,,,
snow_depth,NaRRS,fyi,2022,2,2022-02-15,9.0,0.011999999999999567,0.22749999999999998,0.11393234338826623,0.10910000000000028,0.04034370430297928,0.14611999999999908
snow_depth,NaRRS,fyi,2022,2,2022-02-15,15.0,0.0646666666666628,0.0646666666666628,0.0646666666666628,0.0646666666666628,0.0,0.0
snow_depth,NaRRS,myi,2022,2,2022-02-15,0.0,,,,,,
snow_depth,NaRRS,myi,2022,2,2022-02-15,3.0,0.22499999999999432,0.22499999999999432,0.22499999999999432,0.22499999999999432,0.0,0.0
snow_depth,NaRRS,myi,2022,2,2022-02-15,2.0,0.1755000000000043,0.4403999999999996,0.2672458080366198,0.2579411764705894,0.044913510875358956,0.19006500000000062
snow_depth,NaRRS,myi,2022,2,2022-02-15,4.0,,,,,,
snow_depth,NaRRS,myi,2022,2,2022-02-15,5.0,0.14133333333333553,0.2081428571428603,0.18195772486772474,0.18133333333333704,0.019997164367021474,0.06239285714285697
snow_depth,NaRRS,myi,2022,2,2022-02-15,6.0,,,,,,
snow_depth,NaRRS,myi,2022,2,2022-02-15,8.0,0.19842857142857137,0.27100000000000024,0.24396838321374478,0.24880769230769242,0.015181838093751968,0.058237047163363725
snow_depth,NaRRS,myi,2022,2,2022-02-15,9.0,0.20541666666666694,0.20541666666666694,0.20541666666666694,0.20541666666666694,0.0,0.0
snow_depth,NaRRS,myi,2022,2,2022-02-15,10.0,,,,,,
snow_depth,NaRRS,myi,2022,2,2022-02-15,11.0,,,,,,
snow_depth,NaRRS,myi,2022,2,2022-02-15,12.0,0.1529999999999916,0.43364705882353044,0.30159634487618947,0.311181818181818,0.06924599043868512,0.22808804347826003
snow_depth,NaRRS,myi,2022,2,2022-02-15,13.0,,,,,,
snow_depth,NaRRS,fyi,2022,2,2022-02-15,8.0,0.04100000000000037,0.27699999999999925,0.15556032925251367,0.1552000000000003,0.0389175203065141,0.16425747899159704
snow_depth,NaRRS,myi,2022,2,2022-02-15,14.0,,,,,,
snow_depth,NaRRS,myi,2022,2,2022-02-15,1.0,0.21394871794871712,0.44230303030302964,0.3233665914859573,0.32412538109756084,0.05558827753043986,0.19635072765072678
snow_depth,NaRRS,myi,2022,2,2022-02-15,7.0,,,,,,
snow_depth,NaRRS,all,2022,2,2022-02-15,14.0,0.0020000000000095497,0.23700000000000898,0.09459032029478442,0.0886666666666637,0.04076255301435545,0.17581999999999703
snow_depth,NaRRS,fyi,2022,2,2022-02-15,6.0,0.0030000000000001137,0.25100000000000006,0.12015629263450406,0.11788888888888766,0.03693859345958355,0.1497699999999997
snow_depth,NaRRS,myi,2022,2,2022-02-15,15.0,,,,,,
snow_depth,NaRRS,all,2022,2,2022-02-15,0.0,,,,,,
snow_depth,NaRRS,all,2022,2,2022-02-15,1.0,0.001999999999995339,0.44230303030302964,0.18261798615216482,0.15416590909090863,0.0915079714506355,0.32820116883116623
snow_depth,NaRRS,all,2022,2,2022-02-15,2.0,0.08569999999999993,0.4403999999999996,0.1720611711037673,0.15673333333333136,0.053801644469094065,0.20151485714285727
snow_depth,NaRRS,all,2022,2,2022-02-15,3.0,0.04600000000000648,0.28650000000000375,0.12372491546691451,0.11884615384615507,0.027083147670213286,0.1240533333333321
snow_depth,NaRRS,all,2022,2,2022-02-15,4.0,0.03900000000000148,0.18200000000000216,0.1065939139539245,0.10669230769230992,0.01784555040347128,0.07423288888888768
snow_depth,NaRRS,all,2022,2,2022-02-15,5.0,0.027000000000000024,0.2231249999999978,0.10136371994094613,0.08950000000000102,0.03977355322299527,0.15567777777777858
snow_depth,NaRRS,all,2022,2,2022-02-15,6.0,0.0030000000000001137,0.25100000000000006,0.12015629263450406,0.11788888888888766,0.03693859345958355,0.1497699999999997
snow_depth,NaRRS,all,2022,2,2022-02-15,7.0,0.019999999999999574,0.22649999999999912,0.12394587849798831,0.12825000000000003,0.03708472143712308,0.14886
snow_depth,NaRRS,all,2022,2,2022-02-15,8.0,0.04100000000000037,0.27699999999999925,0.18151711066209192,0.17999999999999997,0.047654920733709735,0.17773965141612202
snow_depth,NaRRS,all,2022,2,2022-02-15,9.0,0.011999999999999567,0.22749999999999998,0.12000479607624708,0.11699999999999994,0.04308405148994899,0.1552624242424247
snow_depth,NaRRS,all,2022,2,2022-02-15,10.0,,,,,,
snow_depth,NaRRS,fyi,2022,2,2022-02-15,7.0,0.019999999999999574,0.22649999999999912,0.12380234458872562,0.1280000000000001,0.037079410400772124,0.1489999999999999
snow_depth,NaRRS,all,2022,2,2022-02-15,11.0,0.02599999999999625,0.21299999999999866,0.11726730817992803,0.11942857142857156,0.03239556837097212,0.12695111111110596
snow_depth,NaRRS,all,2022,2,2022-02-15,13.0,0.012999999999991019,0.24975000000000236,0.09812410064462465,0.09087500000000048,0.03711015002415303,0.1606533333333284
snow_depth,NaRRS,all,2022,2,2022-02-15,15.0,0.0646666666666628,0.0646666666666628,0.0646666666666628,0.0646666666666628,0.0,0.0
snow_depth,NaRRS,all,2022,2,2022-02-15,16.0,,,,,,
snow_depth,NaRRS,all,2022,2,2022-02-15,17.0,0.049749999999999996,0.14220000000000002,0.10438181818181817,0.10700000000000001,0.02563003629202617,0.08466000000000004
snow_depth,NaRRS,all,2022,2,2022-02-15,18.0,,,,,,
snow_depth,NaRRS,all,2022,2,2022-02-15,100.0,0.001999999999995339,0.44230303030302964,0.1433642261683707,0.12522299651567792,0.0682479670913807,0.30820904895104634
snow_depth,NaRRS,fyi,2022,2,2022-02-15,0.0,,,,,,
snow_depth,NaRRS,fyi,2022,2,2022-02-15,1.0,0.001999999999995339,0.23276923076923076,0.12603450642992817,0.1199777187716462,0.035583410928750794,0.13498738738738741
snow_depth,NaRRS,fyi,2022,2,2022-02-15,2.0,0.08569999999999993,0.22520000000000095,0.13667664238295169,0.13560769230769426,0.02083331843582549,0.08374883116882767
snow_depth,NaRRS,fyi,2022,2,2022-02-15,3.0,0.04600000000000648,0.24849999999999994,0.12281856301741124,0.11841666666666602,0.025796219122751336,0.12151499999999825
snow_depth,NaRRS,fyi,2022,2,2022-02-15,4.0,0.03900000000000148,0.18200000000000216,0.1064035586279028,0.10650000000000166,0.01775994757664904,0.07396133333333249
snow_depth,NaRRS,fyi,2022,2,2022-02-15,5.0,0.027000000000000024,0.2062500000000007,0.09265748540415868,0.0862500000000009,0.031197256114657044,0.12935000000000324
snow_depth,NaRRS,all,2022,2,2022-02-15,12.0,0.055000000000004455,0.43364705882353044,0.18667782909669736,0.1480000000000056,0.09227609066407148,0.30747619047618996
snow_depth,bremen,all,2022,2,2022-02-15,0.0,,,,,,
snow_depth,NaRRS,myi,2022,2,2022-02-15,17.0,,,,,,
snow_depth,NaRRS,myi,2022,2,2022-02-15,18.0,,,,,,
snow_depth,bremen,fyi,2022,2,2022-02-15,11.0,0.11176544301549278,0.208298836378149,0.16059042351793007,0.1619633779229583,0.010400422873370828,0.04090963754191909
snow_depth,bremen,fyi,2022,2,2022-02-15,12.0,0.13172979286420206,0.22847539493441288,0.17351641673399418,0.17546033838520353,0.01789004800097412,0.07180167612259841
snow_depth,bremen,fyi,2022,2,2022-02-15,13.0,0.07350622907637036,0.23040816011328502,0.15044040527619612,0.15200983596153306,0.024976048464479476,0.10201781911517856
snow_depth,bremen,fyi,2022,2,2022-02-15,14.0,0.06987910097969266,0.17485311617483756,0.13424654303114358,0.13938652818940886,0.02388751914112325,0.09393629906627893
snow_depth,bremen,fyi,2022,2,2022-02-15,15.0,0.09392572958505008,0.09392572958505008,0.09392572958505008,0.09392572958505008,0.0,0.0
snow_depth,bremen,fyi,2022,2,2022-02-15,16.0,,,,,,
snow_depth,bremen,fyi,2022,2,2022-02-15,17.0,0.1518987854017242,0.2567740585368391,0.19884940919951075,0.18706333672385975,0.03127710616904926,0.09663347431241218
snow_depth,bremen,fyi,2022,2,2022-02-15,18.0,,,,,,
snow_depth,bremen,fyi,2022,2,2022-02-15,100.0,0.053071572000195355,0.2567740585368391,0.162838853824053,0.1641362773420163,0.02251394763836515,0.10227769856066543
snow_depth,bremen,myi,2022,2,2022-02-15,0.0,,,,,,
snow_depth,bremen,myi,2022,2,2022-02-15,1.0,,,,,,
snow_depth,bremen,myi,2022,2,2022-02-15,2.0,,,,,,
snow_depth,bremen,myi,2022,2,2022-02-15,3.0,,,,,,
snow_depth,bremen,myi,2022,2,2022-02-15,4.0,,,,,,
snow_depth,bremen,myi,2022,2,2022-02-15,5.0,,,,,,
snow_depth,bremen,myi,2022,2,2022-02-15,6.0,,,,,,
snow_depth,bremen,myi,2022,2,2022-02-15,7.0,,,,,,
snow_depth,bremen,myi,2022,2,2022-02-15,8.0,,,,,,
snow_depth,bremen,myi,2022,2,2022-02-15,9.0,,,,,,
snow_depth,bremen,myi,2022,2,2022-02-15,10.0,,,,,,
snow_depth,bremen,myi,2022,2,2022-02-15,11.0,,,,,,
snow_depth,bremen,myi,2022,2,2022-02-15,12.0,,,,,,
snow_depth,bremen,myi,2022,2,2022-02-15,13.0,,,,,,
snow_depth,bremen,myi,2022,2,2022-02-15,14.0,,,,,,
snow_depth,bremen,myi,2022,2,2022-02-15,15.0,,,,,,
snow_depth,bremen,fyi,2022,2,2022-02-15,10.0,,,,,,
snow_depth,bremen,fyi,2022,2,2022-02-15,9.0,0.07888480813269966,0.24560671786360833,0.1566755133791315,0.15778877236572025,0.018998964775830497,0.08493333086792015
snow_depth,bremen,fyi,2022,2,2022-02-15,8.0,0.06560961962049904,0.21698115199518087,0.15046162314447148,0.15553716958360375,0.02913505742615378,0.12010424861742644
snow_depth,bremen,fyi,2022,2,2022-02-15,7.0,0.0595154701302692,0.2030974278811072,0.13450651766321367,0.1384758401287401,0.02302783476021627,0.08319638661669576
snow_depth,bremen,all,2022,2,2022-02-15,1.0,0.06555563228820765,0.2288374980337066,0.17240964862287425,0.16700645986599,0.022990508760440988,0.1016499155543447
snow_depth,bremen,all,2022,2,2022-02-15,2.0,0.053071572000195355,0.25254710312731976,0.18837195548002708,0.18751738649742578,0.01695501518586815,0.061280786632644635
snow_depth,bremen,all,2022,2,2022-02-15,3.0,0.14588031297421145,0.23944556001230904,0.17542217949361363,0.1747444601366285,0.01270981694016989,0.049965631435976265
snow_depth,bremen,all,2022,2,2022-02-15,4.0,0.11293067420522208,0.2266066629081614,0.16636492953281987,0.1666462349758025,0.011992413587136526,0.0541282117518036
snow_depth,bremen,all,2022,2,2022-02-15,5.0,0.10344019173989398,0.21819306476597927,0.15340908934549002,0.14551392362221166,0.023980456223339976,0.08559858357601366
snow_depth,bremen,all,2022,2,2022-02-15,6.0,0.08865963883819673,0.23810070326312022,0.15577140292144015,0.15835388971108968,0.020276515114990012,0.08087035339623071
snow_depth,bremen,all,2022,2,2022-02-15,7.0,0.0595154701302692,0.2864637006787281,0.13490689023860178,0.1386560905954839,0.024074603697914504,0.084006785065578
snow_depth,bremen,all,2022,2,2022-02-15,8.0,0.06560961962049904,0.34789005351483915,0.15446593861397148,0.15777589197224107,0.03572501944709488,0.1328188732776424
snow_depth,bremen,all,2022,2,2022-02-15,9.0,0.07888480813269966,0.2528980047074236,0.15890773220105991,0.158973203255617,0.021262553155071983,0.10076294575701743
snow_depth,bremen,all,2022,2,2022-02-15,10.0,,,,,,
snow_depth,bremen,all,2022,2,2022-02-15,11.0,0.11176544301549278,0.208298836378149,0.16059042351793007,0.1619633779229583,0.010400422873370828,0.04090963754191909
snow_depth,bremen,all,2022,2,2022-02-15,12.0,0.13172979286420206,0.3868411381310057,0.1743871298825534,0.17547701217468725,0.02244401866446927,0.07435045285588471
snow_depth,bremen,myi,2022,2,2022-02-15,16.0,,,,,,
snow_depth,bremen,all,2022,2,2022-02-15,13.0,0.07350622907637036,0.23040816011328502,0.15060779155027162,0.15216494495038796,0.025049321625913237,0.10197892260978522
snow_depth,bremen,all,2022,2,2022-02-15,15.0,0.09392572958505008,0.09392572958505008,0.09392572958505008,0.09392572958505008,0.0,0.0
snow_depth,bremen,all,2022,2,2022-02-15,16.0,,,,,,
snow_depth,bremen,all,2022,2,2022-02-15,17.0,0.1518987854017242,0.2567740585368391,0.19884940919951075,0.18706333672385975,0.03127710616904926,0.09663347431241218
snow_depth,bremen,all,2022,2,2022-02-15,18.0,,,,,,
snow_depth,bremen,all,2022,2,2022-02-15,100.0,0.053071572000195355,0.3868411381310057,0.16397256199442276,0.16467076057079727,0.023407320647088777,0.10427383212385147
snow_depth,bremen,fyi,2022,2,2022-02-15,0.0,,,,,,
snow_depth,bremen,fyi,2022,2,2022-02-15,1.0,0.06555563228820765,0.2288374980337066,0.17167120874959332,0.16665444086258036,0.0227810314448382,0.1020379527387345
snow_depth,bremen,fyi,2022,2,2022-02-15,2.0,0.053071572000195355,0.23054136032977224,0.1850752034980116,0.1851000848518003,0.015406359708955323,0.049059097121779305
snow_depth,bremen,fyi,2022,2,2022-02-15,3.0,0.14588031297421145,0.23944556001230904,0.17525839877352622,0.17456117312048539,0.012549688162039562,0.04929997582646989
snow_depth,bremen,fyi,2022,2,2022-02-15,4.0,0.11293067420522208,0.2266066629081614,0.16631005815152633,0.16655078587254207,0.012026264742722082,0.05416263419909312
snow_depth,bremen,fyi,2022,2,2022-02-15,5.0,0.10344019173989398,0.21819306476597927,0.14924608204324818,0.14371989079971964,0.021849588528080555,0.08608652339951728
snow_depth,bremen,fyi,2022,2,2022-02-15,6.0,0.08865963883819673,0.23810070326312022,0.15577140292144015,0.15835388971108968,0.020276515114990012,0.08087035339623071
snow_depth,bremen,all,2022,2,2022-02-15,14.0,0.06987910097969266,0.17485311617483756,0.13424654303114358,0.13938652818940886,0.02388751914112325,0.09393629906627893
snow_depth,bremen,myi,2022,2,2022-02-15,17.0,,,,,,
snow_depth,bremen,myi,2022,2,2022-02-15,18.0,,,,,,
snow_depth,bremen,myi,2022,2,2022-02-15,100.0,,,,,,
snow_depth,NaRRS,myi,2022,2,2022-02-15,16.0,,,,,,
snow_depth,NaRRS,myi,2022,2,2022-02-15,100.0,0.14133333333333553,0.44230303030302964,0.3087626463459565,0.3090550000000008,0.06217409416144716,0.23098330645161208
snow_depth,bremen,myi,2022,3,2022-03-15,15.0,,,,,,
snow_depth,bremen,fyi,2022,3,2022-03-15,11.0,0.09929939619676882,0.20244549364679268,0.15246012770227663,0.15609282849604794,0.015289437125184128,0.0623625456187457
snow_depth,bremen,fyi,2022,3,2022-03-15,12.0,0.1270281631281216,0.23714872851683783,0.1796580924038419,0.17842262982626694,0.02396396700386084,0.09523205817193961
snow_depth,bremen,fyi,2022,3,2022-03-15,13.0,0.08679001396408824,0.34769557156468484,0.2190224699611675,0.2041599000948237,0.06304752313568429,0.221962986321022
snow_depth,bremen,fyi,2022,3,2022-03-15,14.0,0.03691848301780355,0.18214701588306167,0.106360037577775,0.10321535126368617,0.024395065352044585,0.10434526245357074
snow_depth,bremen,fyi,2022,3,2022-03-15,15.0,,,,,,
snow_depth,bremen,fyi,2022,3,2022-03-15,16.0,,,,,,
snow_depth,bremen,fyi,2022,3,2022-03-15,17.0,0.10557257054549132,0.27491850387658034,0.21096437719204006,0.21648494648546257,0.049617366405494925,0.16052645584662997
snow_depth,bremen,fyi,2022,3,2022-03-15,18.0,,,,,,
snow_depth,bremen,fyi,2022,3,2022-03-15,100.0,0.03691848301780355,0.3521788298099827,0.16611144524862473,0.16574084969773537,0.030577893171173667,0.12860456029834416
snow_depth,bremen,myi,2022,3,2022-03-15,0.0,,,,,,
snow_depth,bremen,myi,2022,3,2022-03-15,1.0,0.22010290627549725,0.3992702814463714,0.3133587606507729,0.32152727134531817,0.04315891636929636,0.1556004878173101
snow_depth,bremen,myi,2022,3,2022-03-15,2.0,0.21450932002462422,0.3604279346489293,0.2632292714681484,0.2602768254624529,0.03685399029492171,0.13469756323492907
snow_depth,bremen,myi,2022,3,2022-03-15,4.0,0.17896431453684897,0.181951499197488,0.18045790686716848,0.18045790686716848,0.0014935923303195098,0.002867697274213432
snow_depth,bremen,myi,2022,3,2022-03-15,5.0,0.19526192740404938,0.2053055047668426,0.2002948567641956,0.2003059974429452,0.0035525620350986553,0.009459076058767557
snow_depth,bremen,myi,2022,3,2022-03-15,6.0,,,,,,
snow_depth,bremen,myi,2022,3,2022-03-15,7.0,,,,,,
snow_depth,bremen,myi,2022,3,2022-03-15,8.0,0.103360709564805,0.24635772332040845,0.19533738465280998,0.20460265496350943,0.03874243064842325,0.1316744641165181
snow_depth,bremen,myi,2022,3,2022-03-15,9.0,,,,,,
snow_depth,bremen,myi,2022,3,2022-03-15,10.0,,,,,,
snow_depth,bremen,myi,2022,3,2022-03-15,11.0,,,,,,
snow_depth,bremen,myi,2022,3,2022-03-15,12.0,0.18542932226093461,0.4135510919764298,0.2914911305088857,0.2865954025930133,0.048126849665287866,0.17564118257634662
snow_depth,bremen,myi,2022,3,2022-03-15,13.0,0.29297949830298103,0.3025208953313403,0.29895969604225386,0.3013786944924403,0.004254270751429205,0.009159741147224898
snow_depth,bremen,myi,2022,3,2022-03-15,14.0,,,,,,
snow_depth,bremen,fyi,2022,3,2022-03-15,10.0,,,,,,
snow_depth,bremen,myi,2022,3,2022-03-15,3.0,0.2613576779904859,0.300487950116078,0.2840054464087494,0.284807682178136,0.012633585252867476,0.03687103118016133
snow_depth,bremen,fyi,2022,3,2022-03-15,9.0,0.06256092397068277,0.23855917163002602,0.1476103299486026,0.1464668864952557,0.024502682547259798,0.1047565967099564
snow_depth,bremen,fyi,2022,3,2022-03-15,6.0,0.0776409421011279,0.21240720065448535,0.15494384876736927,0.15508428282118086,0.014420131608245011,0.06010997878142656
snow_depth,bremen,all,2022,3,2022-03-15,0.0,,,,,,
snow_depth,bremen,all,2022,3,2022-03-15,1.0,0.05656403936310597,0.3992702814463714,0.20946676757898722,0.1967128036708051,0.06073737946520916,0.2292017415830192
snow_depth,bremen,all,2022,3,2022-03-15,2.0,0.0632961868460567,0.3604279346489293,0.2115171125343783,0.20479121595922906,0.0375741939934522,0.14084682435177362
snow_depth,bremen,all,2022,3,2022-03-15,3.0,0.14115967942035507,0.3521788298099827,0.18069282152532573,0.1782751570604712,0.02097379078604327,0.0953463359837119
snow_depth,bremen,all,2022,3,2022-03-15,4.0,0.12641067372049802,0.20879764933096442,0.1686020143014338,0.16824810494997108,0.010859728350316025,0.05135516732095713
snow_depth,bremen,all,2022,3,2022-03-15,5.0,0.11716615812197463,0.20768086047132375,0.1529202717261678,0.14656488731074424,0.02062846413133647,0.07666113348170098
snow_depth,bremen,all,2022,3,2022-03-15,6.0,0.0776409421011279,0.21240720065448535,0.154989343169725,0.15511232994753332,0.014445194381331823,0.060061010146319496
snow_depth,bremen,all,2022,3,2022-03-15,7.0,0.04696052701523894,0.2060496862299379,0.14111095720243394,0.1427920550356819,0.028684598779836323,0.10919070759846038
snow_depth,bremen,all,2022,3,2022-03-15,8.0,0.06413951572237324,0.2741820294073155,0.19688568234813644,0.1945907196439475,0.0403539125005409,0.16629210159945712
snow_depth,bremen,all,2022,3,2022-03-15,9.0,0.06256092397068277,0.23855917163002602,0.14977347094794674,0.14750943128409622,0.02588527688676794,0.11075228596577039
snow_depth,bremen,all,2022,3,2022-03-15,10.0,,,,,,
snow_depth,bremen,all,2022,3,2022-03-15,11.0,0.09929939619676882,0.20244549364679268,0.15246012770227663,0.15609282849604794,0.015289437125184128,0.0623625456187457
snow_depth,bremen,fyi,2022,3,2022-03-15,7.0,0.04696052701523894,0.2060496862299379,0.14066189188370828,0.14202021306261142,0.028895004363735904,0.109102396459244
snow_depth,bremen,all,2022,3,2022-03-15,12.0,0.1270281631281216,0.4135510919764298,0.2194659167315868,0.20927818905887322,0.05751254181659226,0.2270921175051571
snow_depth,bremen,all,2022,3,2022-03-15,14.0,0.03691848301780355,0.18214701588306167,0.106360037577775,0.10321535126368617,0.024395065352044585,0.10434526245357074
snow_depth,bremen,all,2022,3,2022-03-15,15.0,,,,,,
snow_depth,bremen,all,2022,3,2022-03-15,16.0,,,,,,
snow_depth,bremen,all,2022,3,2022-03-15,17.0,0.10557257054549132,0.27491850387658034,0.21096437719204006,0.21648494648546257,0.049617366405494925,0.16052645584662997
snow_depth,bremen,all,2022,3,2022-03-15,18.0,,,,,,
snow_depth,bremen,all,2022,3,2022-03-15,100.0,0.03691848301780355,0.4135510919764298,0.18209315364899614,0.16952536468973772,0.04968151308424273,0.23491633903191045
snow_depth,bremen,fyi,2022,3,2022-03-15,0.0,,,,,,
snow_depth,bremen,fyi,2022,3,2022-03-15,1.0,0.05656403936310597,0.24573672722834639,0.1765233737733673,0.17003417289794098,0.023602811960855404,0.09706026183962194
snow_depth,bremen,fyi,2022,3,2022-03-15,2.0,0.0632961868460567,0.2766764534040723,0.1864156643841761,0.18905244105819138,0.021079244096771917,0.07618597816257439
snow_depth,bremen,fyi,2022,3,2022-03-15,3.0,0.14115967942035507,0.3521788298099827,0.1792456281729055,0.17782866543750608,0.017326984892182016,0.06558803766557705
snow_depth,bremen,fyi,2022,3,2022-03-15,4.0,0.12641067372049802,0.20879764933096442,0.16841357153200354,0.1680840921046206,0.01084286939294155,0.05140518402660224
snow_depth,bremen,fyi,2022,3,2022-03-15,5.0,0.11716615812197463,0.2070777598773848,0.15022033317607475,0.14555682985688853,0.018080171492643814,0.0749168348478122
snow_depth,bremen,all,2022,3,2022-03-15,13.0,0.08679001396408824,0.34769557156468484,0.22154779137076894,0.20831193137441895,0.06320471896763583,0.2213022063246632
snow_depth,bremen,fyi,2022,3,2022-03-15,8.0,0.07930520244066383,0.25370849262256656,0.171182336299965,0.1778107803511493,0.03073323582695446,0.1341858668652691
snow_depth,bremen,myi,2022,3,2022-03-15,17.0,,,,,,
snow_depth,bremen,myi,2022,3,2022-03-15,100.0,0.103360709564805,0.4135510919764298,0.3009311806198635,0.3041299444105787,0.04916915635375869,0.18111505448474766
snow_depth,NaRRS,fyi,2022,3,2022-03-15,11.0,0.027999999999998693,0.246,0.12245711154523585,0.1234999999999989,0.037211309743019394,0.1439597402597399
snow_depth,NaRRS,fyi,2022,3,2022-03-15,12.0,0.055000000000000604,0.23166666666666677,0.12870313764690988,0.12544999999999978,0.029308219039213407,0.13060999999999948
snow_depth,NaRRS,fyi,2022,3,2022-03-15,13.0,0.016666666666660983,0.2810000000000059,0.13214920114338713,0.13257142857142615,0.04494448892488647,0.1767146666666641
snow_depth,NaRRS,fyi,2022,3,2022-03-15,14.0,0.026999999999986812,0.2225000000000108,0.098543399611618,0.09233333333334315,0.0397352331022674,0.15812111111111543
snow_depth,NaRRS,fyi,2022,3,2022-03-15,15.0,,,,,,
snow_depth,NaRRS,fyi,2022,3,2022-03-15,16.0,,,,,,
snow_depth,NaRRS,fyi,2022,3,2022-03-15,17.0,0.04700000000000001,0.15500000000000003,0.0975091575091575,0.09599999999999997,0.028739999570394168,0.10008000000000002
snow_depth,NaRRS,fyi,2022,3,2022-03-15,18.0,,,,,,
snow_depth,NaRRS,fyi,2022,3,2022-03-15,100.0,0.0019999999999997797,0.294,0.12725048586112034,0.12520000000000095,0.03530902830906398,0.14957866666667086
snow_depth,NaRRS,myi,2022,3,2022-03-15,0.0,,,,,,
snow_depth,NaRRS,myi,2022,3,2022-03-15,1.0,0.2259444444444488,0.43165625000000046,0.3300677957582418,0.32934523809523836,0.04720802700060216,0.17506385104919175
snow_depth,NaRRS,myi,2022,3,2022-03-15,2.0,0.19369230769231102,0.4201666666666692,0.2719638390727891,0.26259999999999956,0.04332607760026638,0.17716363636363566
snow_depth,NaRRS,fyi,2022,3,2022-03-15,10.0,,,,,,
snow_depth,NaRRS,myi,2022,3,2022-03-15,3.0,0.14849999999999852,0.254249999999999,0.18456150793650783,0.16180952380952462,0.0402144927118025,0.10207499999999925
snow_depth,NaRRS,myi,2022,3,2022-03-15,5.0,0.14700000000000082,0.21375000000000455,0.19462499999999908,0.20887499999999548,0.02757971401229457,0.0628800000000033
snow_depth,NaRRS,myi,2022,3,2022-03-15,6.0,,,,,,
snow_depth,NaRRS,myi,2022,3,2022-03-15,7.0,,,,,,
snow_depth,NaRRS,myi,2022,3,2022-03-15,8.0,0.11649999999999996,0.2971818181818181,0.2220153704564829,0.2263749999999991,0.051366401766123206,0.17212230303030318
snow_depth,NaRRS,myi,2022,3,2022-03-15,9.0,0.054000000000002046,0.054000000000002046,0.054000000000002046,0.054000000000002046,0.0,0.0
snow_depth,NaRRS,myi,2022,3,2022-03-15,10.0,,,,,,
snow_depth,NaRRS,myi,2022,3,2022-03-15,11.0,,,,,,
snow_depth,NaRRS,myi,2022,3,2022-03-15,12.0,0.16949999999999932,0.43799999999999883,0.31944272316315087,0.33220238095238086,0.06025234409419202,0.20771878787878728
snow_depth,NaRRS,myi,2022,3,2022-03-15,13.0,0.1734999999999971,0.18557142857143155,0.17913492063491873,0.17833333333332746,0.004960628561675442,0.011588571428577082
snow_depth,NaRRS,myi,2022,3,2022-03-15,14.0,,,,,,
snow_depth,NaRRS,myi,2022,3,2022-03-15,15.0,,,,,,
snow_depth,NaRRS,myi,2022,3,2022-03-15,16.0,,,,,,
snow_depth,NaRRS,myi,2022,3,2022-03-15,4.0,0.13700000000000045,0.15899999999999181,0.14799999999999613,0.14799999999999613,0.01099999999999568,0.0211199999999917
snow_depth,NaRRS,fyi,2022,3,2022-03-15,9.0,0.0019999999999997797,0.27700000000000014,0.10987024868538191,0.10699999999999998,0.03906303809215998,0.158703333333333
snow_depth,NaRRS,fyi,2022,3,2022-03-15,8.0,0.05300000000000005,0.294,0.16085146714688225,0.15711904761904763,0.03872679847872024,0.1679786666666658
snow_depth,NaRRS,fyi,2022,3,2022-03-15,7.0,0.0129999999999999,0.22577777777777797,0.12718085221539135,0.12974999999999826,0.03780990131652789,0.14343999999999715
snow_depth,NaRRS,all,2022,3,2022-03-15,0.0,,,,,,
snow_depth,NaRRS,all,2022,3,2022-03-15,1.0,0.028999999999996362,0.43165625000000046,0.1856284643892632,0.1544800000000015,0.08262529123103583,0.3001049192546583
snow_depth,NaRRS,all,2022,3,2022-03-15,2.0,0.07800000000000296,0.4201666666666692,0.17234743131794217,0.15690909090909083,0.05238714471195962,0.19310876767676372
snow_depth,NaRRS,all,2022,3,2022-03-15,3.0,0.055999999999997385,0.29199999999999593,0.13600119170888483,0.12717424242424172,0.031307512991441765,0.13296363636363365
snow_depth,NaRRS,all,2022,3,2022-03-15,4.0,0.04579999999999984,0.19550000000000267,0.12274777244810735,0.12451470588235146,0.02083228992651911,0.08967692307692571
snow_depth,NaRRS,all,2022,3,2022-03-15,5.0,0.034000000000006025,0.2485000000000035,0.10659074505540297,0.10100000000000019,0.033255078885324085,0.14309999999998296
snow_depth,NaRRS,all,2022,3,2022-03-15,6.0,0.013999999999995794,0.26750000000000185,0.12738522848514788,0.12073214285714243,0.03745886954353248,0.15992400000000118
snow_depth,NaRRS,all,2022,3,2022-03-15,7.0,0.0129999999999999,0.22577777777777797,0.12795132152181735,0.13024999999999762,0.03776092315864562,0.14182666666666696
snow_depth,NaRRS,all,2022,3,2022-03-15,8.0,0.05300000000000005,0.3034285714285715,0.1875223925510521,0.1897500000000002,0.04524518126353186,0.18658999999999998
snow_depth,NaRRS,all,2022,3,2022-03-15,9.0,0.0019999999999997797,0.27700000000000014,0.11294199358200213,0.1097500000000001,0.040634414906019316,0.15939846153846107
snow_depth,NaRRS,all,2022,3,2022-03-15,10.0,,,,,,
snow_depth,NaRRS,all,2022,3,2022-03-15,11.0,0.027999999999998693,0.246,0.12245711154523585,0.1234999999999989,0.037211309743019394,0.1439597402597399
snow_depth,NaRRS,all,2022,3,2022-03-15,12.0,0.055000000000000604,0.43799999999999883,0.19638710718664001,0.16833333333333228,0.09154520124557212,0.3142674999999955
snow_depth,NaRRS,all,2022,3,2022-03-15,13.0,0.016666666666660983,0.2810000000000059,0.13388456007688673,0.13541666666666075,0.045016472901535015,0.1742009999999934
snow_depth,NaRRS,all,2022,3,2022-03-15,14.0,0.026999999999986812,0.2225000000000108,0.098543399611618,0.09233333333334315,0.0397352331022674,0.15812111111111543
snow_depth,NaRRS,all,2022,3,2022-03-15,15.0,,,,,,
snow_depth,NaRRS,all,2022,3,2022-03-15,16.0,,,,,,
snow_depth,NaRRS,all,2022,3,2022-03-15,17.0,0.04700000000000001,0.15500000000000003,0.0975091575091575,0.09599999999999997,0.028739999570394168,0.10008000000000002
snow_depth,NaRRS,all,2022,3,2022-03-15,18.0,,,,,,
snow_depth,NaRRS,all,2022,3,2022-03-15,100.0,0.0019999999999997797,0.43799999999999883,0.14922379741450975,0.1335000000000015,0.06452592453686283,0.29779103759398323
snow_depth,NaRRS,fyi,2022,3,2022-03-15,0.0,,,,,,
snow_depth,NaRRS,fyi,2022,3,2022-03-15,1.0,0.028999999999996362,0.22221428571428467,0.1381534562135408,0.13637484035759956,0.03038544413148879,0.12134025806451768
snow_depth,NaRRS,fyi,2022,3,2022-03-15,2.0,0.07800000000000296,0.2291875000000001,0.13891028386159868,0.1371578947368403,0.023018143858956994,0.1001484848484868
snow_depth,NaRRS,fyi,2022,3,2022-03-15,3.0,0.055999999999997385,0.2705000000000055,0.1349087167926478,0.12680000000000008,0.02988845120020312,0.13030666666666724
snow_depth,NaRRS,fyi,2022,3,2022-03-15,4.0,0.04579999999999984,0.19550000000000267,0.1223367994021999,0.1239722222222231,0.02065609279889954,0.08656115384615277
snow_depth,NaRRS,fyi,2022,3,2022-03-15,5.0,0.034000000000006025,0.23366666666666447,0.1016025912476242,0.09851249999999946,0.027313358637140295,0.11991999999999906
snow_depth,NaRRS,fyi,2022,3,2022-03-15,6.0,0.013999999999995794,0.26750000000000185,0.12724339821777791,0.12065714285714277,0.03734272600337199,0.1600280000000012
snow_depth,NaRRS,myi,2022,3,2022-03-15,17.0,,,,,,
snow_depth,bremen,myi,2022,3,2022-03-15,18.0,,,,,,
snow_depth,NaRRS,myi,2022,3,2022-03-15,18.0,,,,,,
snow_depth,NaRRS,myi,2022,3,2022-03-15,100.0,0.054000000000002046,0.43799999999999883,0.31708360236499794,0.31984757834757765,0.05783879976499305,0.22753207287449254
snow_depth,bremen,myi,2022,3,2022-03-15,16.0,,,,,,
snow_depth,bremen,fyi,2022,4,2022-04-15,6.0,0.0865151512048489,0.2733717253721635,0.15559013247631467,0.1579402279958585,0.024517170785550053,0.10427285488617438
snow_depth,bremen,fyi,2022,4,2022-04-15,5.0,0.09671607412491169,0.21422665643100197,0.15040923791715882,0.14943937252127648,0.017482519430010737,0.0788910186532973
snow_depth,bremen,fyi,2022,4,2022-04-15,4.0,0.1202935198475788,0.2021779566209193,0.16915780612672324,0.16907661932808052,0.011020862832790334,0.04859508182516353
snow_depth,bremen,fyi,2022,4,2022-04-15,3.0,0.1110430880145703,0.2324270293497479,0.17598606968359032,0.1782236964026823,0.018163926472291102,0.08053424772955997
snow_depth,bremen,fyi,2022,4,2022-04-15,2.0,0.061203827969368435,0.28819961363691116,0.18500160605146534,0.18380872101451246,0.025506456407297116,0.09886925447738015
snow_depth,bremen,fyi,2022,4,2022-04-15,1.0,0.07175664678691293,0.2876540231168269,0.18005561823589258,0.17643681422726742,0.02060855843449466,0.08376864953844224
snow_depth,bremen,fyi,2022,4,2022-04-15,0.0,,,,,,
snow_depth,bremen,all,2022,4,2022-04-15,100.0,0.04458032101225476,0.4146834041232211,0.18054974255974401,0.17180906782284744,0.04694932135534141,0.22622250946986439
snow_depth,bremen,all,2022,4,2022-04-15,18.0,,,,,,
snow_depth,bremen,all,2022,4,2022-04-15,17.0,0.10056473524286612,0.21141477879940873,0.1615337744326431,0.17367299436591113,0.03937228921801345,0.10796278624156187
snow_depth,bremen,all,2022,4,2022-04-15,16.0,,,,,,
snow_depth,bremen,all,2022,4,2022-04-15,15.0,,,,,,
snow_depth,bremen,all,2022,4,2022-04-15,14.0,0.06962058988098194,0.23674875434137965,0.11203563294879323,0.1032317910465109,0.03330969355856953,0.1222879243011192
snow_depth,bremen,myi,2022,4,2022-04-15,17.0,,,,,,
snow_depth,bremen,all,2022,4,2022-04-15,11.0,0.04458032101225476,0.2536362707470875,0.15437102996793656,0.15908302732322935,0.027396061326453804,0.11425408806109989
snow_depth,bremen,all,2022,4,2022-04-15,10.0,,,,,,
snow_depth,bremen,all,2022,4,2022-04-15,9.0,0.06398586410470955,0.2205343532604907,0.15233890756108406,0.14933294122136112,0.023137550962451275,0.10225601672328484
snow_depth,bremen,all,2022,4,2022-04-15,8.0,0.0767855497554508,0.2888067663255114,0.19423421489162757,0.1956605021015122,0.03424876264754112,0.13678803621545532
snow_depth,bremen,all,2022,4,2022-04-15,7.0,0.07202899028544145,0.25364251358027845,0.1507572476296896,0.1535327306922322,0.025443187770580765,0.1083767710940161
snow_depth,bremen,all,2022,4,2022-04-15,6.0,0.0865151512048489,0.2733717253721635,0.15561501974732717,0.1579816430514052,0.024487741054471372,0.10413117878189623
snow_depth,bremen,all,2022,4,2022-04-15,5.0,0.09671607412491169,0.21422665643100197,0.15263339376672413,0.15138686428809356,0.019149798847730607,0.08770711686261
snow_depth,bremen,all,2022,4,2022-04-15,4.0,0.1202935198475788,0.2021779566209193,0.16935936070127172,0.16927333674701817,0.011028762485400424,0.04842070612295779
snow_depth,bremen,all,2022,4,2022-04-15,3.0,0.1110430880145703,0.2324270293497479,0.1763852673457232,0.1783424218727403,0.018400819269370587,0.08460616544162144
snow_depth,bremen,all,2022,4,2022-04-15,2.0,0.061203827969368435,0.3662907958946293,0.20921919589786256,0.20265134447215943,0.04291949012762286,0.17045479042462078
snow_depth,bremen,all,2022,4,2022-04-15,1.0,0.07175664678691293,0.40468062131536314,0.20832210214502087,0.19045523814155815,0.05852586062898803,0.23187916134927014
snow_depth,bremen,all,2022,4,2022-04-15,0.0,,,,,,
snow_depth,bremen,all,2022,4,2022-04-15,12.0,0.11785788405883231,0.4146834041232211,0.21132671644063275,0.1902582635910012,0.06016476494016488,0.2388309858029709
snow_depth,bremen,all,2022,4,2022-04-15,13.0,0.055940067862776166,0.2228912061830377,0.1568786088810449,0.1593397510291922,0.023585338129807214,0.09363255631493834
snow_depth,bremen,fyi,2022,4,2022-04-15,8.0,0.0767855497554508,0.24911939389952448,0.1797977464467898,0.1800078687795794,0.030106425159141754,0.12593538485898065
snow_depth,bremen,fyi,2022,4,2022-04-15,10.0,,,,,,
snow_depth,bremen,myi,2022,4,2022-04-15,16.0,,,,,,
snow_depth,bremen,myi,2022,4,2022-04-15,15.0,,,,,,
snow_depth,bremen,myi,2022,4,2022-04-15,14.0,,,,,,
snow_depth,bremen,myi,2022,4,2022-04-15,13.0,,,,,,
snow_depth,bremen,myi,2022,4,2022-04-15,12.0,0.17054322526975452,0.4146834041232211,0.3022564505516955,0.29845908677333544,0.0534404259154054,0.20042244610122897
snow_depth,bremen,myi,2022,4,2022-04-15,11.0,,,,,,
snow_depth,bremen,myi,2022,4,2022-04-15,10.0,,,,,,
snow_depth,bremen,myi,2022,4,2022-04-15,9.0,,,,,,
snow_depth,bremen,myi,2022,4,2022-04-15,8.0,0.14749177390207258,0.23217643579982844,0.20782239553775284,0.21405863187285779,0.021461832322972853,0.07586197486434598
snow_depth,bremen,myi,2022,4,2022-04-15,7.0,0.12583265574869867,0.12583265574869867,0.12583265574869867,0.12583265574869867,0.0,0.0
snow_depth,bremen,myi,2022,4,2022-04-15,6.0,,,,,,
snow_depth,bremen,myi,2022,4,2022-04-15,5.0,0.19368282763368255,0.1972919193534143,0.1953161057449102,0.19497357024763373,0.0014931808744042378,0.0034647280509424727
snow_depth,bremen,fyi,2022,4,2022-04-15,7.0,0.07202899028544145,0.25364251358027845,0.15087726392199718,0.15354523835780906,0.02538726415940203,0.10843852434088594
snow_depth,bremen,myi,2022,4,2022-04-15,4.0,,,,,,
snow_depth,bremen,myi,2022,4,2022-04-15,2.0,0.21873928969663387,0.35962127066956645,0.28405361834891685,0.2889730799588736,0.03563298331528977,0.13124274850127893
snow_depth,bremen,myi,2022,4,2022-04-15,1.0,0.23537733436160896,0.40468062131536314,0.3200963928661212,0.3241582442912772,0.03931617919126893,0.14873718792733379
snow_depth,bremen,myi,2022,4,2022-04-15,0.0,,,,,,
snow_depth,bremen,fyi,2022,4,2022-04-15,100.0,0.04458032101225476,0.28819961363691116,0.16637958883625703,0.16775828004080984,0.025977060260281275,0.10953697309947472
snow_depth,bremen,fyi,2022,4,2022-04-15,18.0,,,,,,
snow_depth,bremen,fyi,2022,4,2022-04-15,17.0,0.10056473524286612,0.21141477879940873,0.1615337744326431,0.17367299436591113,0.03937228921801345,0.10796278624156187
snow_depth,bremen,fyi,2022,4,2022-04-15,16.0,,,,,,
snow_depth,bremen,fyi,2022,4,2022-04-15,15.0,,,,,,
snow_depth,bremen,fyi,2022,4,2022-04-15,14.0,0.06962058988098194,0.23674875434137965,0.11203563294879323,0.1032317910465109,0.03330969355856953,0.1222879243011192
snow_depth,bremen,fyi,2022,4,2022-04-15,13.0,0.055940067862776166,0.2228912061830377,0.15686202967234733,0.15928829339217365,0.023633021707978156,0.09369137938713216
snow_depth,bremen,fyi,2022,4,2022-04-15,12.0,0.11785788405883231,0.2352235607376448,0.17135868600665655,0.1701563115853581,0.020171323488360093,0.0941075345346589
snow_depth,bremen,fyi,2022,4,2022-04-15,11.0,0.04458032101225476,0.2536362707470875,0.15437102996793656,0.15908302732322935,0.027396061326453804,0.11425408806109989
snow_depth,bremen,myi,2022,4,2022-04-15,3.0,0.1975565931984038,0.20569804939412822,0.20055877889029258,0.19842169407834567,0.0036511346060108933,0.007815797947895442
snow_depth,bremen,fyi,2022,4,2022-04-15,9.0,0.06398586410470955,0.2205343532604907,0.15157070134910777,0.14898916066140921,0.02243491229902924,0.09912440007761102
snow_depth,NaRRS,myi,2022,4,2022-04-15,100.0,0.11299999999999999,0.4509999999999934,0.32793605645901,0.3251140350877189,0.04879054708224578,0.20124956521739057
snow_depth,NaRRS,myi,2022,4,2022-04-15,18.0,,,,,,
snow_depth,NaRRS,fyi,2022,4,2022-04-15,6.0,0.02300000000000324,0.27749999999999986,0.14119480183978836,0.13404223227752576,0.04275710070834781,0.1851264285714276
snow_depth,NaRRS,fyi,2022,4,2022-04-15,5.0,0.029999999999986926,0.26833333333333326,0.1058909745809493,0.10016666666666889,0.028397675824509788,0.11704000000000868
snow_depth,NaRRS,fyi,2022,4,2022-04-15,4.0,0.06200000000001182,0.19727272727273001,0.13689008292006785,0.13615476190476195,0.022240869324483856,0.09944433333333677
snow_depth,NaRRS,fyi,2022,4,2022-04-15,3.0,0.02949999999999875,0.31299999999999767,0.1362116198216474,0.12968181818181923,0.03428674159323609,0.16959999999999695
snow_depth,NaRRS,fyi,2022,4,2022-04-15,2.0,0.059499999999999886,0.2844999999999942,0.15159024293245033,0.15059967320261314,0.030823159542510338,0.12444852272726761
snow_depth,NaRRS,fyi,2022,4,2022-04-15,1.0,0.06299999999998818,0.26449999999999907,0.1477790261174887,0.14538095238095022,0.03204863075781515,0.12688879156908636
snow_depth,NaRRS,fyi,2022,4,2022-04-15,0.0,,,,,,
snow_depth,NaRRS,all,2022,4,2022-04-15,100.0,0.0024999999999999467,0.4509999999999934,0.15758699736354365,0.14263690476190446,0.06332303439895853,0.28682292207792204
snow_depth,NaRRS,all,2022,4,2022-04-15,18.0,,,,,,
snow_depth,NaRRS,all,2022,4,2022-04-15,17.0,0.0926,0.15799999999999997,0.1234,0.12074999999999997,0.02644602994780124,0.06499399999999998
snow_depth,NaRRS,all,2022,4,2022-04-15,16.0,,,,,,
snow_depth,NaRRS,all,2022,4,2022-04-15,15.0,,,,,,
snow_depth,NaRRS,all,2022,4,2022-04-15,14.0,0.04825000000000301,0.25499999999999545,0.12084773662551414,0.117999999999995,0.04448375304535979,0.17013333333333497
snow_depth,NaRRS,all,2022,4,2022-04-15,13.0,0.006000000000000227,0.31400000000000006,0.12908235438803572,0.12237500000000168,0.05032863988569335,0.2203260000000115
snow_depth,NaRRS,all,2022,4,2022-04-15,12.0,0.06683333333333626,0.4509999999999934,0.200980462009986,0.16899999999999693,0.0832028965646571,0.29332400000000014
snow_depth,NaRRS,all,2022,4,2022-04-15,11.0,0.028999999999996362,0.2579999999999991,0.12396719060755745,0.11858333333333337,0.04483244321094225,0.16099999999999973
snow_depth,NaRRS,all,2022,4,2022-04-15,10.0,,,,,,
snow_depth,NaRRS,all,2022,4,2022-04-15,9.0,0.0024999999999999467,0.289,0.13687692085547803,0.13241666666666677,0.03732861634645673,0.15435999999999944
snow_depth,NaRRS,all,2022,4,2022-04-15,8.0,0.032999999999999474,0.3376666666666666,0.19118459344345218,0.18347916666666647,0.053206015393062224,0.21610324675324694
snow_depth,NaRRS,all,2022,4,2022-04-15,7.0,0.0030000000000001137,0.24874999999999997,0.1326605811549376,0.13100000000000023,0.03381247986174414,0.1400133333333335
snow_depth,NaRRS,all,2022,4,2022-04-15,6.0,0.02300000000000324,0.31099999999999994,0.1419625879892595,0.1345075757575755,0.04366883218654463,0.18836100000000106
snow_depth,NaRRS,all,2022,4,2022-04-15,5.0,0.029999999999986926,0.26833333333333326,0.10997377847704444,0.10252173913043512,0.03232321363839253,0.13855666666666783
snow_depth,NaRRS,all,2022,4,2022-04-15,4.0,0.06200000000001182,0.20341666666666805,0.13792961726705932,0.13659999999999903,0.02318652778463834,0.10400888888888624
snow_depth,NaRRS,all,2022,4,2022-04-15,3.0,0.02949999999999875,0.32799999999999585,0.13822861978233392,0.1299736842105247,0.037724297063010684,0.18533449999999901
snow_depth,NaRRS,all,2022,4,2022-04-15,2.0,0.059499999999999886,0.3735454545454528,0.18314983822417352,0.1684999999999993,0.05607445073385953,0.21748536752137038
snow_depth,NaRRS,all,2022,4,2022-04-15,1.0,0.06299999999998818,0.43886363636363657,0.18762740045952414,0.1593750000000016,0.0796140991624325,0.299461355607912
snow_depth,NaRRS,all,2022,4,2022-04-15,0.0,,,,,,
snow_depth,NaRRS,fyi,2022,4,2022-04-15,7.0,0.0030000000000001137,0.24874999999999997,0.1323269060042256,0.131,0.03360644530198146,0.14023333333333365
snow_depth,bremen,myi,2022,4,2022-04-15,18.0,,,,,,
snow_depth,NaRRS,fyi,2022,4,2022-04-15,8.0,0.032999999999999474,0.2934444444444444,0.16747780860380587,0.16405555555555582,0.04144398758701979,0.17943999999999977
snow_depth,NaRRS,fyi,2022,4,2022-04-15,10.0,,,,,,
snow_depth,NaRRS,myi,2022,4,2022-04-15,17.0,,,,,,
snow_depth,NaRRS,myi,2022,4,2022-04-15,16.0,,,,,,
snow_depth,NaRRS,myi,2022,4,2022-04-15,15.0,,,,,,
snow_depth,NaRRS,myi,2022,4,2022-04-15,14.0,,,,,,
snow_depth,NaRRS,myi,2022,4,2022-04-15,13.0,,,,,,
snow_depth,NaRRS,myi,2022,4,2022-04-15,12.0,0.2108750000000006,0.4509999999999934,0.3319033788945357,0.3423750000000024,0.05068977688862435,0.17858833333333562
snow_depth,NaRRS,myi,2022,4,2022-04-15,11.0,,,,,,
snow_depth,NaRRS,myi,2022,4,2022-04-15,10.0,,,,,,
snow_depth,NaRRS,myi,2022,4,2022-04-15,9.0,0.20400000000000063,0.20400000000000063,0.20400000000000063,0.20400000000000063,0.0,0.0
snow_depth,NaRRS,myi,2022,4,2022-04-15,8.0,0.11299999999999999,0.3376666666666666,0.28555788342914473,0.29411111111111093,0.04376786379028416,0.16425047619047614
snow_depth,NaRRS,myi,2022,4,2022-04-15,7.0,0.189,0.189,0.189,0.189,0.0,0.0
snow_depth,NaRRS,myi,2022,4,2022-04-15,6.0,0.31099999999999994,0.31099999999999994,0.31099999999999994,0.31099999999999994,0.0,0.0
snow_depth,NaRRS,myi,2022,4,2022-04-15,5.0,0.16599999999999682,0.2067500000000031,0.18291666666666254,0.17599999999998772,0.01734014289317413,0.03912000000000604
snow_depth,NaRRS,myi,2022,4,2022-04-15,4.0,,,,,,
snow_depth,NaRRS,myi,2022,4,2022-04-15,3.0,0.16399999999998727,0.2805000000000035,0.20966666666666356,0.1844999999999999,0.050781120726336657,0.11184000000001557
snow_depth,NaRRS,myi,2022,4,2022-04-15,2.0,0.1925000000000002,0.3735454545454528,0.2911698236067122,0.2907222222222193,0.03741880728221295,0.16667619047619525
snow_depth,NaRRS,myi,2022,4,2022-04-15,1.0,0.11599999999999966,0.43886363636363657,0.33714689889075355,0.3343962264150942,0.04337958887735808,0.16336012145749218
snow_depth,NaRRS,myi,2022,4,2022-04-15,0.0,,,,,,
snow_depth,NaRRS,fyi,2022,4,2022-04-15,100.0,0.0024999999999999467,0.31400000000000006,0.1384100542401002,0.13539999999999966,0.037502897142416454,0.15818333333333576
snow_depth,NaRRS,fyi,2022,4,2022-04-15,18.0,,,,,,
snow_depth,NaRRS,fyi,2022,4,2022-04-15,17.0,0.0926,0.15799999999999997,0.1234,0.12074999999999997,0.02644602994780124,0.06499399999999998
snow_depth,NaRRS,fyi,2022,4,2022-04-15,16.0,,,,,,
snow_depth,NaRRS,fyi,2022,4,2022-04-15,15.0,,,,,,
snow_depth,NaRRS,fyi,2022,4,2022-04-15,14.0,0.04825000000000301,0.25499999999999545,0.12084773662551414,0.117999999999995,0.04448375304535979,0.17013333333333497
snow_depth,NaRRS,fyi,2022,4,2022-04-15,13.0,0.006000000000000227,0.31400000000000006,0.12881506125271636,0.1217500000000058,0.050261241627017166,0.22064000000001088
snow_depth,NaRRS,fyi,2022,4,2022-04-15,12.0,0.06683333333333626,0.27500000000000036,0.14525891577911948,0.14177777777777578,0.031723410196268634,0.14845028571428742
snow_depth,NaRRS,fyi,2022,4,2022-04-15,11.0,0.028999999999996362,0.2579999999999991,0.12396719060755745,0.11858333333333337,0.04483244321094225,0.16099999999999973
snow_depth,NaRRS,fyi,2022,4,2022-04-15,9.0,0.0024999999999999467,0.289,0.13584515329042568,0.13141666666666674,0.036750104828314645,0.1540599999999994
snow_depth,bremen,myi,2022,4,2022-04-15,100.0,0.12583265574869867,0.4146834041232211,0.3092636080257178,0.3158982366122661,0.04717176149754055,0.18984946893341018
