name,count,oib_file
S3A_SR_2_LAN_SI_20170418T233241_20170418T235156_20230412T044855_1154_016_344______LN3_R_NT_005.SEN3,173,IDCSI4_20170419.txt
S3A_SR_2_LAN_SI_20170419T230738_20170419T232442_20230412T055033_1023_016_358______LN3_R_NT_005.SEN3,171,IDCSI4_20170419.txt
S3A_SR_2_LAN_SI_20170313T204242_20170313T210213_20230410T040115_1170_015_214______LN3_R_NT_005.SEN3,171,IDCSI4_20170314.txt
S3A_SR_2_LAN_SI_20180414T205011_20180414T210959_20230502T111634_1188_030_100______LN3_R_NT_005.SEN3,169,IDCSI4_20180414.txt
S3A_SR_2_LAN_SI_20160503T230732_20160503T232436_20230824T183920_1023_003_358______LN3_R_NT_005.SEN3,164,IDCSI4_20160504.txt
S3A_SR_2_LAN_SI_20160504T224148_20160504T225800_20230824T192558_0971_003_372______LN3_R_NT_005.SEN3,148,IDCSI4_20160504.txt
S3A_SR_2_LAN_SI_20170312T225246_20170312T230921_20230410T025300_0994_015_201______LN3_R_NT_005.SEN3,148,IDCSI4_20170312.txt
S3A_SR_2_LAN_SI_20180415T202425_20180415T204248_20230502T123338_1103_030_114______LN3_R_NT_005.SEN3,135,IDCSI4_20180414.txt
S3A_SR_2_LAN_SI_20160505T001749_20160505T004313_20230824T203409_1524_003_373______LN3_R_NT_005.SEN3,133,IDCSI4_20160504.txt
S3A_SR_2_LAN_SI_20170311T062808_20170311T064234_20230410T002937_0866_015_177______LN3_R_NT_005.SEN3,131,IDCSI4_20170311.txt
S3A_SR_2_LAN_SI_20170312T074128_20170312T075650_20230410T020459_0921_015_192______LN3_R_NT_005.SEN3,131,IDCSI4_20170311.txt
S3A_SR_2_LAN_SI_20180407T221543_20180407T223204_20230502T020046_0981_030_001______LN3_R_NT_005.SEN3,123,IDCSI4_20180407.txt
S3A_SR_2_LAN_SI_20180406T224158_20180406T225809_20230502T002854_0971_029_372______LN3_R_NT_005.SEN3,117,IDCSI4_20180407.txt
S3A_SR_2_LAN_SI_20180409T061201_20180409T062743_20230502T034548_0942_030_020______LN3_R_NT_005.SEN3,117,IDCSI4_20180408.txt
S3A_SR_2_LAN_SI_20180409T075239_20180409T080826_20230502T040535_0946_030_021______LN3_R_NT_005.SEN3,113,IDCSI4_20180408.txt
S3A_SR_2_LAN_SI_20170314T201638_20170314T203513_20230410T052052_1114_015_228______LN3_R_NT_005.SEN3,111,IDCSI4_20170314.txt
S3A_SR_2_LAN_SI_20170420T004306_20170420T011014_20230412T064506_1627_016_359______LN3_R_NT_005.SEN3,108,IDCSI4_20170419.txt
S3A_SR_2_LAN_SI_20160504T004301_20160504T011009_20230824T184555_1627_003_359______LN3_R_NT_005.SEN3,107,IDCSI4_20160504.txt
S3A_SR_2_LAN_SI_20160421T213821_20160421T215513_20230823T141652_1011_003_186______LN3_R_NT_005.SEN3,106,IDCSI4_20160421.txt
S3A_SR_2_LAN_SI_20170418T215318_20170418T220959_20230412T041920_1001_016_343______LN3_R_NT_005.SEN3,100,IDCSI4_20170419.txt
S3B_SR_2_LAN_SI_20190420T145454_20190420T151054_20230408T121235_0959_024_239______LN3_R_NT_005.SEN3,95,IDCSI4_20190420.txt
S3B_SR_2_LAN_SI_20190419T151939_20190419T153410_20230408T103736_0870_024_225______LN3_R_NT_005.SEN3,93,IDCSI4_20190420.txt
S3A_SR_2_LAN_SI_20170419T025345_20170419T030800_20230412T045152_0854_016_346______LN3_R_NT_005.SEN3,93,IDCSI4_20170419.txt
S3A_SR_2_LAN_SI_20180415T202425_20180415T204248_20230502T123338_1103_030_114______LN3_R_NT_005.SEN3,89,IDCSI4_20180416.txt
S3A_SR_2_LAN_SI_20170406T170248_20170406T171700_20230411T120117_0852_016_169______LN3_R_NT_005.SEN3,89,IDCSI4_20170407.txt
S3A_SR_2_LAN_SI_20190419T142008_20190419T143703_20230530T003635_1015_043_367______LN3_R_NT_005.SEN3,87,IDCSI4_20190420.txt
S3A_SR_2_LAN_SI_20170419T212739_20170419T214410_20230412T090017_0991_016_357______LN3_R_NT_005.SEN3,87,IDCSI4_20170419.txt
S3A_SR_2_LAN_SI_20190420T153304_20190420T154648_20230530T005848_0823_043_382______LN3_R_NT_005.SEN3,87,IDCSI4_20190420.txt
S3A_SR_2_LAN_SI_20180408T063910_20180408T065327_20230502T022426_0856_030_006______LN3_R_NT_005.SEN3,82,IDCSI4_20180408.txt
S3A_SR_2_LAN_SI_20160420T220447_20160420T222101_20230823T004907_0973_003_172______LN3_R_NT_005.SEN3,81,IDCSI4_20160421.txt
S3A_SR_2_LAN_SI_20170407T163646_20170407T165124_20230411T131321_0878_016_183______LN3_R_NT_005.SEN3,79,IDCSI4_20170407.txt
S3A_SR_2_LAN_SI_20170419T010918_20170419T013618_20230412T051242_1620_016_345______LN3_R_NT_005.SEN3,78,IDCSI4_20170419.txt
S3A_SR_2_LAN_SI_20180408T232942_20180408T234814_20230502T032925_1112_030_016______LN3_R_NT_005.SEN3,78,IDCSI4_20180408.txt
S3A_SR_2_LAN_SI_20170313T053827_20170313T054709_20230410T025154_0521_015_205______LN3_R_NT_005.SEN3,78,IDCSI4_20170312.txt
S3A_SR_2_LAN_SI_20170312T211253_20170312T212853_20230410T022056_0960_015_200______LN3_R_NT_005.SEN3,76,IDCSI4_20170312.txt
S3A_SR_2_LAN_SI_20180407T052722_20180407T053548_20230502T004748_0505_029_376______LN3_R_NT_005.SEN3,76,IDCSI4_20180407.txt
S3A_SR_2_LAN_SI_20190419T155848_20190419T161521_20230530T010109_0993_043_368______LN3_R_NT_005.SEN3,73,IDCSI4_20190420.txt
S3A_SR_2_LAN_SI_20170320T210053_20170320T212114_20230410T130243_1221_015_314______LN3_R_NT_005.SEN3,72,IDCSI4_20170320.txt
S3A_SR_2_LAN_SI_20180408T050127_20180408T050943_20230502T015954_0495_030_005______LN3_R_NT_005.SEN3,72,IDCSI4_20180407.txt
S3A_SR_2_LAN_SI_20180414T040444_20180414T041438_20230502T100741_0594_030_090______LN3_R_NT_005.SEN3,72,IDCSI4_20180414.txt
S3A_SR_2_LAN_SI_20170311T231819_20170311T233548_20230410T011858_1049_015_187______LN3_R_NT_005.SEN3,70,IDCSI4_20170311.txt
S3A_SR_2_LAN_SI_20180403T153637_20180403T155023_20230501T200700_0826_029_325______LN3_R_NT_005.SEN3,70,IDCSI4_20180403.txt
S3A_SR_2_LAN_SI_20170315T044613_20170315T045552_20230410T055609_0578_015_233______LN3_R_NT_005.SEN3,68,IDCSI4_20170314.txt
S3A_SR_2_LAN_SI_20160422T060008_20160422T061600_20230823T142649_0951_003_191______LN3_R_NT_005.SEN3,66,IDCSI4_20160421.txt
S3A_SR_2_LAN_SI_20180407T235447_20180408T001535_20230502T021930_1248_030_002______LN3_R_NT_005.SEN3,65,IDCSI4_20180408.txt
S3A_SR_2_LAN_SI_20180402T160229_20180402T161836_20230501T191354_0967_029_311______LN3_R_NT_005.SEN3,64,IDCSI4_20180403.txt
S3B_SR_2_LAN_SI_20190420T163444_20190420T164931_20230408T121259_0887_024_240______LN3_R_NT_005.SEN3,64,IDCSI4_20190420.txt
S3A_SR_2_LAN_SI_20170405T121749_20170405T123846_20230411T102139_1256_016_152______LN3_R_NT_005.SEN3,63,IDCSI4_20170406.txt
S3A_SR_2_LAN_SI_20170310T234324_20170311T000349_20230410T003317_1225_015_173______LN3_R_NT_005.SEN3,63,IDCSI4_20170311.txt
S3A_SR_2_LAN_SI_20160421T062805_20160421T064232_20230823T134443_0866_003_177______LN3_R_NT_005.SEN3,62,IDCSI4_20160420.txt
S3A_SR_2_LAN_SI_20170311T213824_20170311T215515_20230410T011448_1011_015_186______LN3_R_NT_005.SEN3,61,IDCSI4_20170312.txt
S3A_SR_2_LAN_SI_20160504T205712_20160504T211722_20230824T192421_1210_003_371______LN3_R_NT_005.SEN3,61,IDCSI4_20160504.txt
S3A_SR_2_LAN_SI_20160429T213115_20160429T214749_20230824T151850_0993_003_300______LN3_R_NT_005.SEN3,61,IDCSI4_20160429.txt
S3A_SR_2_LAN_SI_20180406T054935_20180406T060418_20230501T234146_0883_029_362______LN3_R_NT_005.SEN3,61,IDCSI4_20180406.txt
S3A_SR_2_LAN_SI_20170319T213117_20170319T214750_20230410T120020_0993_015_300______LN3_R_NT_005.SEN3,61,IDCSI4_20170320.txt
S3A_SR_2_LAN_SI_20180415T033842_20180415T034842_20230502T113545_0600_030_104______LN3_R_NT_005.SEN3,60,IDCSI4_20180414.txt
S3A_SR_2_LAN_SI_20170314T051230_20170314T052048_20230410T041341_0498_015_219______LN3_R_NT_005.SEN3,60,IDCSI4_20170314.txt
S3A_SR_2_LAN_SI_20160420T234321_20160421T000346_20230825T124848_1225_003_173______LN3_R_NT_005.SEN3,60,IDCSI4_20160420.txt
S3A_SR_2_LAN_SI_20170312T042345_20170312T043309_20230410T012802_0563_015_190______LN3_R_NT_005.SEN3,58,IDCSI4_20170312.txt
S3B_SR_2_LAN_SI_20190419T170052_20190419T171512_20230408T105620_0859_024_226______LN3_R_NT_005.SEN3,58,IDCSI4_20190420.txt
S3A_SR_2_LAN_SI_20180415T052003_20180415T052827_20230502T112830_0503_030_105______LN3_R_NT_005.SEN3,56,IDCSI4_20180414.txt
S3A_SR_2_LAN_SI_20180416T214218_20180416T215856_20230502T141420_0997_030_129______LN3_R_NT_005.SEN3,56,IDCSI4_20180416.txt
S3A_SR_2_LAN_SI_20170314T033100_20170314T034102_20230410T041007_0602_015_218______LN3_R_NT_005.SEN3,56,IDCSI4_20170314.txt
S3A_SR_2_LAN_SI_20180403T171738_20180403T172916_20230501T201721_0698_029_326______LN3_R_NT_005.SEN3,56,IDCSI4_20180403.txt
S3A_SR_2_LAN_SI_20180402T174320_20180402T175539_20230501T185339_0738_029_312______LN3_R_NT_005.SEN3,55,IDCSI4_20180403.txt
S3A_SR_2_LAN_SI_20170406T152133_20170406T153606_20230411T114038_0873_016_168______LN3_R_NT_005.SEN3,53,IDCSI4_20170407.txt
S3A_SR_2_LAN_SI_20160505T034532_20160505T035559_20230825T235737_0627_003_375______LN3_R_NT_005.SEN3,53,IDCSI4_20160504.txt
S3A_SR_2_LAN_SI_20190420T171406_20190420T172656_20230530T012222_0769_043_383______LN3_R_NT_005.SEN3,53,IDCSI4_20190420.txt
S3A_SR_2_LAN_SI_20170406T115152_20170406T121228_20230411T115923_1236_016_166______LN3_R_NT_005.SEN3,53,IDCSI4_20170406.txt
S3A_SR_2_LAN_SI_20170420T041209_20170420T042209_20230412T060421_0600_016_361______LN3_R_NT_005.SEN3,52,IDCSI4_20170419.txt
S3A_SR_2_LAN_SI_20160505T015757_20160505T022555_20230825T172803_1677_003_374______LN3_R_NT_005.SEN3,52,IDCSI4_20160504.txt
S3A_SR_2_LAN_SI_20160428T215652_20160428T221332_20230824T134403_0999_003_286______LN3_R_NT_005.SEN3,51,IDCSI4_20160429.txt
S3A_SR_2_LAN_SI_20160503T213301_20160503T214405_20230825T233315_0663_003_357______LN3_R_NT_005.SEN3,51,IDCSI4_20160504.txt
S3A_SR_2_LAN_SI_20170313T071542_20170313T073038_20230410T033408_0895_015_206______LN3_R_NT_005.SEN3,51,IDCSI4_20170312.txt
S3A_SR_2_LAN_SI_20160420T000923_20160420T003129_20230825T014639_1326_003_159______LN3_R_NT_005.SEN3,51,IDCSI4_20160420.txt
S3A_SR_2_LAN_SI_20160504T041203_20160504T042203_20230824T184241_0600_003_361______LN3_R_NT_005.SEN3,50,IDCSI4_20160504.txt
S3A_SR_2_LAN_SI_20170405T140845_20170405T142538_20230411T101909_1013_016_153______LN3_R_NT_005.SEN3,50,IDCSI4_20170405.txt
S3A_SR_2_LAN_SI_20170404T143417_20170404T145145_20230411T092441_1047_016_139______LN3_R_NT_005.SEN3,49,IDCSI4_20170405.txt
S3A_SR_2_LAN_SI_20170403T130917_20170403T133700_20230411T075708_1663_016_124______LN3_R_NT_005.SEN3,49,IDCSI4_20170403.txt
S3A_SR_2_LAN_SI_20170405T154727_20170405T160424_20230411T103705_1016_016_154______LN3_R_NT_005.SEN3,48,IDCSI4_20170405.txt
S3A_SR_2_LAN_SI_20180407T001759_20180407T004323_20230502T011832_1524_029_373______LN3_R_NT_005.SEN3,47,IDCSI4_20180406.txt
S3A_SR_2_LAN_SI_20170406T133123_20170406T135927_20230411T115300_1683_016_167______LN3_R_NT_005.SEN3,47,IDCSI4_20170406.txt
S3A_SR_2_LAN_SI_20190419T173953_20190419T175202_20230530T010006_0729_043_369______LN3_R_NT_005.SEN3,46,IDCSI4_20190420.txt
S3A_SR_2_LAN_SI_20170402T184848_20170402T185906_20230411T061914_0618_016_113______LN3_R_NT_005.SEN3,46,IDCSI4_20170403.txt
S3A_SR_2_LAN_SI_20160504T022655_20160504T024138_20230824T190613_0883_003_360______LN3_R_NT_005.SEN3,46,IDCSI4_20160504.txt
S3A_SR_2_LAN_SI_20170420T022701_20170420T024144_20230412T061319_0882_016_360______LN3_R_NT_005.SEN3,46,IDCSI4_20170419.txt
S3A_SR_2_LAN_SI_20170407T145646_20170407T151252_20230411T130439_0966_016_182______LN3_R_NT_005.SEN3,46,IDCSI4_20170407.txt
S3A_SR_2_LAN_SI_20170315T030124_20170315T031512_20230410T054506_0827_015_232______LN3_R_NT_005.SEN3,45,IDCSI4_20170314.txt
S3A_SR_2_LAN_SI_20160421T062805_20160421T064232_20230823T134443_0866_003_177______LN3_R_NT_005.SEN3,44,IDCSI4_20160421.txt
S3A_SR_2_LAN_SI_20170312T060011_20170312T061602_20230410T021543_0951_015_191______LN3_R_NT_005.SEN3,42,IDCSI4_20170312.txt
S3A_SR_2_LAN_SI_20180406T004311_20180406T011018_20230502T001121_1627_029_359______LN3_R_NT_005.SEN3,42,IDCSI4_20180406.txt
S3A_SR_2_LAN_SI_20170404T161436_20170404T162926_20230411T092121_0890_016_140______LN3_R_NT_005.SEN3,42,IDCSI4_20170405.txt
S3A_SR_2_LAN_SI_20170405T140845_20170405T142538_20230411T101909_1013_016_153______LN3_R_NT_005.SEN3,42,IDCSI4_20170406.txt
S3A_SR_2_LAN_SI_20160420T220447_20160420T222101_20230823T004907_0973_003_172______LN3_R_NT_005.SEN3,41,IDCSI4_20160420.txt
S3A_SR_2_LAN_SI_20180416T045405_20180416T050223_20230502T124345_0498_030_119______LN3_R_NT_005.SEN3,41,IDCSI4_20180416.txt
S3A_SR_2_LAN_SI_20170320T224527_20170320T230202_20230410T131937_0994_015_315______LN3_R_NT_005.SEN3,40,IDCSI4_20170320.txt
S3B_SR_2_LAN_SI_20190420T011835_20190420T014541_20230408T115758_1625_024_231______LN3_R_NT_005.SEN3,40,IDCSI4_20190419.txt
S3A_SR_2_LAN_SI_20180415T220813_20180415T222453_20230502T123208_1000_030_115______LN3_R_NT_005.SEN3,40,IDCSI4_20180416.txt
S3B_SR_2_LAN_SI_20190420T181425_20190420T182741_20230408T121731_0796_024_241______LN3_R_NT_005.SEN3,39,IDCSI4_20190420.txt
S3A_SR_2_LAN_SI_20160429T044227_20160429T045208_20230824T130559_0581_003_290______LN3_R_NT_005.SEN3,39,IDCSI4_20160429.txt
S3A_SR_2_LAN_SI_20180417T042742_20180417T043704_20230502T143407_0561_030_133______LN3_R_NT_005.SEN3,38,IDCSI4_20180416.txt
S3A_SR_2_LAN_SI_20180405T230742_20180405T232446_20230501T232604_1023_029_358______LN3_R_NT_005.SEN3,38,IDCSI4_20180406.txt
S3A_SR_2_LAN_SI_20160419T223037_20160419T224634_20230822T220749_0957_003_158______LN3_R_NT_005.SEN3,38,IDCSI4_20160420.txt
S3A_SR_2_LAN_SI_20190419T004317_20190419T011025_20230530T003518_1627_043_359______LN3_R_NT_005.SEN3,37,IDCSI4_20190419.txt
S3A_SR_2_LAN_SI_20170319T231127_20170319T232819_20230410T120134_1012_015_301______LN3_R_NT_005.SEN3,37,IDCSI4_20170320.txt
S3A_SR_2_LAN_SI_20160430T041550_20160430T042548_20230824T150055_0597_003_304______LN3_R_NT_005.SEN3,37,IDCSI4_20160429.txt
S3A_SR_2_LAN_SI_20170311T012025_20170311T014731_20230410T003436_1625_015_174______LN3_R_NT_005.SEN3,37,IDCSI4_20170310.txt
S3A_SR_2_LAN_SI_20180406T224158_20180406T225809_20230502T002854_0971_029_372______LN3_R_NT_005.SEN3,37,IDCSI4_20180406.txt
S3A_SR_2_LAN_SI_20170320T041552_20170320T042550_20230410T121334_0597_015_304______LN3_R_NT_005.SEN3,36,IDCSI4_20170320.txt
S3A_SR_2_LAN_SI_20160421T044955_20160421T045920_20230823T135012_0565_003_176______LN3_R_NT_005.SEN3,36,IDCSI4_20160421.txt
S3A_SR_2_LAN_SI_20190420T135421_20190420T141048_20230530T011152_0987_043_381______LN3_R_NT_005.SEN3,36,IDCSI4_20190420.txt
S3A_SR_2_LAN_SI_20160421T012022_20160421T014728_20230823T134148_1625_003_174______LN3_R_NT_005.SEN3,36,IDCSI4_20160420.txt
S3A_SR_2_LAN_SI_20170406T101411_20170406T103312_20230411T113731_1140_016_165______LN3_R_NT_005.SEN3,35,IDCSI4_20170406.txt
S3A_SR_2_LAN_SI_20170310T014638_20170310T021411_20230409T232735_1652_015_160______LN3_R_NT_005.SEN3,35,IDCSI4_20170310.txt
S3A_SR_2_LAN_SI_20170310T220450_20170310T222104_20230410T002459_0973_015_172______LN3_R_NT_005.SEN3,35,IDCSI4_20170311.txt
S3B_SR_2_LAN_SI_20190419T184312_20190419T185328_20230408T103618_0616_024_227______LN3_R_NT_005.SEN3,35,IDCSI4_20190420.txt
S3A_SR_2_LAN_SI_20160420T014635_20160420T021408_20230823T003123_1652_003_160______LN3_R_NT_005.SEN3,35,IDCSI4_20160420.txt
S3A_SR_2_LAN_SI_20190420T001805_20190420T004329_20230530T010914_1524_043_373______LN3_R_NT_005.SEN3,34,IDCSI4_20190419.txt
S3A_SR_2_LAN_SI_20170406T133123_20170406T135927_20230411T115300_1683_016_167______LN3_R_NT_005.SEN3,34,IDCSI4_20170407.txt
S3A_SR_2_LAN_SI_20180408T063910_20180408T065327_20230502T022426_0856_030_006______LN3_R_NT_005.SEN3,34,IDCSI4_20180407.txt
S3A_SR_2_LAN_SI_20170321T034913_20170321T035943_20230410T132513_0630_015_318______LN3_R_NT_005.SEN3,34,IDCSI4_20170320.txt
S3A_SR_2_LAN_SI_20170407T130543_20170407T133312_20230411T130821_1649_016_181______LN3_R_NT_005.SEN3,33,IDCSI4_20170407.txt
S3B_SR_2_LAN_SI_20190418T204436_20190418T210418_20230408T230558_1182_024_214______LN3_R_NT_005.SEN3,33,IDCSI4_20190419.txt
S3A_SR_2_LAN_SI_20180407T015807_20180407T022604_20230502T011533_1677_029_374______LN3_R_NT_005.SEN3,33,IDCSI4_20180406.txt
S3A_SR_2_LAN_SI_20170403T181958_20170403T183314_20230411T080142_0795_016_127______LN3_R_NT_005.SEN3,33,IDCSI4_20170403.txt
S3B_SR_2_LAN_SI_20190419T000736_20190419T002943_20230409T120716_1326_024_216______LN3_R_NT_005.SEN3,33,IDCSI4_20190419.txt
S3A_SR_2_LAN_SI_20170406T152133_20170406T153606_20230411T114038_0873_016_168______LN3_R_NT_005.SEN3,33,IDCSI4_20170406.txt
S3A_SR_2_LAN_SI_20180408T214939_20180408T220619_20230502T031334_0999_030_015______LN3_R_NT_005.SEN3,33,IDCSI4_20180408.txt
S3A_SR_2_LAN_SI_20180407T052722_20180407T053548_20230502T004748_0505_029_376______LN3_R_NT_005.SEN3,32,IDCSI4_20180406.txt
S3A_SR_2_LAN_SI_20180406T022705_20180406T024148_20230501T233210_0882_029_360______LN3_R_NT_005.SEN3,32,IDCSI4_20180406.txt
S3A_SR_2_LAN_SI_20190419T205728_20190419T211738_20230530T003333_1210_043_371______LN3_R_NT_005.SEN3,32,IDCSI4_20190419.txt
S3A_SR_2_LAN_SI_20180416T030916_20180416T032236_20230502T130329_0800_030_118______LN3_R_NT_005.SEN3,32,IDCSI4_20180416.txt
S3B_SR_2_LAN_SI_20190419T234137_20190420T000157_20230408T114343_1220_024_230______LN3_R_NT_005.SEN3,32,IDCSI4_20190419.txt
S3A_SR_2_LAN_SI_20170321T002116_20170321T004708_20230410T142104_1552_015_316______LN3_R_NT_005.SEN3,31,IDCSI4_20170320.txt
S3A_SR_2_LAN_SI_20170320T004646_20170320T011333_20230410T124547_1606_015_302______LN3_R_NT_005.SEN3,31,IDCSI4_20170320.txt
S3A_SR_2_LAN_SI_20160429T025728_20160429T031131_20230824T134757_0843_003_289______LN3_R_NT_005.SEN3,31,IDCSI4_20160429.txt
S3A_SR_2_LAN_SI_20170403T195814_20170403T201317_20230411T080613_0903_016_128______LN3_R_NT_005.SEN3,31,IDCSI4_20170403.txt
S3A_SR_2_LAN_SI_20180417T024136_20180417T025702_20230502T144806_0926_030_132______LN3_R_NT_005.SEN3,31,IDCSI4_20180416.txt
S3A_SR_2_LAN_SI_20170320T023003_20170320T024527_20230410T122648_0923_015_303______LN3_R_NT_005.SEN3,31,IDCSI4_20170320.txt
S3B_SR_2_LAN_SI_20190423T000352_20190423T002555_20230408T154601_1323_024_273______LN3_R_NT_005.SEN3,31,IDCSI4_20190422.txt
S3A_SR_2_LAN_SI_20160420T051607_20160420T052430_20230822T230754_0503_003_162______LN3_R_NT_005.SEN3,31,IDCSI4_20160420.txt
S3A_SR_2_LAN_SI_20170407T094846_20170407T100826_20230411T130700_1180_016_179______LN3_R_NT_005.SEN3,31,IDCSI4_20170406.txt
S3A_SR_2_LAN_SI_20160421T030513_20160421T031848_20230825T212819_0814_003_175______LN3_R_NT_005.SEN3,30,IDCSI4_20160420.txt
S3A_SR_2_LAN_SI_20170311T030516_20170311T031851_20230410T002258_0815_015_175______LN3_R_NT_005.SEN3,30,IDCSI4_20170310.txt
S3A_SR_2_LAN_SI_20160420T033447_20160420T034444_20230822T230658_0597_003_161______LN3_R_NT_005.SEN3,30,IDCSI4_20160420.txt
S3A_SR_2_LAN_SI_20160421T044955_20160421T045920_20230823T135012_0565_003_176______LN3_R_NT_005.SEN3,30,IDCSI4_20160420.txt
S3A_SR_2_LAN_SI_20190421T232948_20190421T234820_20230530T030411_1112_044_016______LN3_R_NT_005.SEN3,30,IDCSI4_20190422.txt
S3A_SR_2_LAN_SI_20180406T041213_20180406T042213_20230501T231924_0600_029_361______LN3_R_NT_005.SEN3,30,IDCSI4_20180406.txt
S3A_SR_2_LAN_SI_20190419T224204_20190419T225815_20230530T184250_0971_043_372______LN3_R_NT_005.SEN3,30,IDCSI4_20190419.txt
S3A_SR_2_LAN_SI_20190418T212749_20190418T214420_20230529T235231_0991_043_357______LN3_R_NT_005.SEN3,30,IDCSI4_20190419.txt
S3A_SR_2_LAN_SI_20190418T230748_20190418T232452_20230529T225957_1023_043_358______LN3_R_NT_005.SEN3,30,IDCSI4_20190419.txt
S3A_SR_2_LAN_SI_20180407T034541_20180407T035608_20230502T004805_0627_029_375______LN3_R_NT_005.SEN3,30,IDCSI4_20180406.txt
S3A_SR_2_LAN_SI_20160430T023002_20160430T024525_20230824T153153_0923_003_303______LN3_R_NT_005.SEN3,30,IDCSI4_20160429.txt
S3B_SR_2_LAN_SI_20190418T222853_20190418T224449_20230408T225935_0956_024_215______LN3_R_NT_005.SEN3,30,IDCSI4_20190419.txt
S3B_SR_2_LAN_SI_20190419T220302_20190419T221914_20230408T111151_0971_024_229______LN3_R_NT_005.SEN3,30,IDCSI4_20190419.txt
S3A_SR_2_LAN_SI_20170405T154727_20170405T160424_20230411T103705_1016_016_154______LN3_R_NT_005.SEN3,30,IDCSI4_20170406.txt
S3A_SR_2_LAN_SI_20180407T221543_20180407T223204_20230502T020046_0981_030_001______LN3_R_NT_005.SEN3,30,IDCSI4_20180408.txt
S3A_SR_2_LAN_SI_20170321T020139_20170321T022917_20230410T134816_1657_015_317______LN3_R_NT_005.SEN3,30,IDCSI4_20170320.txt
S3A_SR_2_LAN_SI_20160429T011255_20160429T014001_20230824T143713_1625_003_288______LN3_R_NT_005.SEN3,30,IDCSI4_20160429.txt
S3A_SR_2_LAN_SI_20160429T231125_20160429T232818_20230824T151020_1012_003_301______LN3_R_NT_005.SEN3,30,IDCSI4_20160429.txt
S3A_SR_2_LAN_SI_20160430T004645_20160430T011332_20230824T162004_1607_003_302______LN3_R_NT_005.SEN3,30,IDCSI4_20160429.txt
S3A_SR_2_LAN_SI_20190422T230404_20190422T232120_20230530T035553_1035_044_030______LN3_R_NT_005.SEN3,30,IDCSI4_20190422.txt
S3B_SR_2_LAN_SI_20190422T002620_20190422T005250_20230408T145750_1589_024_259______LN3_R_NT_005.SEN3,30,IDCSI4_20190422.txt
S3A_SR_2_LAN_SI_20190420T185629_20190420T190645_20230530T005949_0616_043_384______LN3_R_NT_005.SEN3,29,IDCSI4_20190420.txt
S3B_SR_2_LAN_SI_20190421T225100_20190421T230736_20230408T225738_0995_024_258______LN3_R_NT_005.SEN3,29,IDCSI4_20190422.txt
S3A_SR_2_LAN_SI_20180416T012417_20180416T015151_20230502T133855_1653_030_117______LN3_R_NT_005.SEN3,29,IDCSI4_20180416.txt
S3A_SR_2_LAN_SI_20170310T033450_20170310T034448_20230409T232603_0597_015_161______LN3_R_NT_005.SEN3,29,IDCSI4_20170310.txt
S3A_SR_2_LAN_SI_20160428T233604_20160428T235605_20230824T141545_1201_003_287______LN3_R_NT_005.SEN3,28,IDCSI4_20160429.txt
S3A_SR_2_LAN_SI_20190423T003933_20190423T010611_20230530T051731_1598_044_031______LN3_R_NT_005.SEN3,28,IDCSI4_20190422.txt
S3B_SR_2_LAN_SI_20190419T014452_20190419T021219_20230409T173722_1646_024_217______LN3_R_NT_005.SEN3,28,IDCSI4_20190419.txt
S3A_SR_2_LAN_SI_20170404T124344_20170404T130452_20230411T091733_1267_016_138______LN3_R_NT_005.SEN3,27,IDCSI4_20170403.txt
S3A_SR_2_LAN_SI_20190405T202047_20190405T203908_20230529T073916_1101_043_171______LN3_R_NT_005.SEN3,27,IDCSI4_20190406.txt
S3A_SR_2_LAN_SI_20170321T053054_20170321T053920_20230410T133612_0505_015_319______LN3_R_NT_005.SEN3,27,IDCSI4_20170320.txt
S3A_SR_2_LAN_SI_20170407T195425_20170407T200934_20230411T132027_0908_016_185______LN3_R_NT_005.SEN3,26,IDCSI4_20170407.txt
S3A_SR_2_LAN_SI_20180406T205722_20180406T211731_20230502T002356_1209_029_371______LN3_R_NT_005.SEN3,26,IDCSI4_20180407.txt
S3A_SR_2_LAN_SI_20170406T202038_20170406T203859_20230411T120655_1101_016_171______LN3_R_NT_005.SEN3,26,IDCSI4_20170407.txt
S3A_SR_2_LAN_SI_20170410T220043_20170410T221724_20230411T173740_1001_016_229______LN3_R_NT_005.SEN3,26,IDCSI4_20170411.txt
S3B_SR_2_LAN_SI_20190419T201839_20190419T203707_20230408T105426_1108_024_228______LN3_R_NT_005.SEN3,25,IDCSI4_20190419.txt
S3A_SR_2_LAN_SI_20170407T112622_20170407T114443_20230411T131439_1100_016_180______LN3_R_NT_005.SEN3,25,IDCSI4_20170406.txt
S3B_SR_2_LAN_SI_20190406T205534_20190406T211524_20230407T180306_1190_024_043______LN3_R_NT_005.SEN3,25,IDCSI4_20190406.txt
S3A_SR_2_LAN_SI_20170310T000927_20170310T003133_20230410T155550_1326_015_159______LN3_R_NT_005.SEN3,25,IDCSI4_20170310.txt
S3B_SR_2_LAN_SI_20190422T222508_20190422T224113_20230408T153958_0964_024_272______LN3_R_NT_005.SEN3,25,IDCSI4_20190422.txt
S3A_SR_2_LAN_SI_20190406T195435_20190406T200943_20230529T091408_0908_043_185______LN3_R_NT_005.SEN3,25,IDCSI4_20190406.txt
S3A_SR_2_LAN_SI_20170411T213454_20170411T215135_20230411T185156_1000_016_243______LN3_R_NT_005.SEN3,24,IDCSI4_20170411.txt
S3A_SR_2_LAN_SI_20180407T070512_20180407T071912_20230502T010840_0839_029_377______LN3_R_NT_005.SEN3,24,IDCSI4_20180407.txt
S3B_SR_2_LAN_SI_20190405T194158_20190405T200016_20230407T164454_1097_024_028______LN3_R_NT_005.SEN3,24,IDCSI4_20190406.txt
S3A_SR_2_LAN_SI_20180417T005810_20180417T012504_20230502T151842_1614_030_131______LN3_R_NT_005.SEN3,23,IDCSI4_20180416.txt
S3A_SR_2_LAN_SI_20190422T010546_20190422T013242_20230530T033041_1616_044_017______LN3_R_NT_005.SEN3,22,IDCSI4_20190422.txt
S3A_SR_2_LAN_SI_20170419T043851_20170419T044822_20230412T044623_0571_016_347______LN3_R_NT_005.SEN3,22,IDCSI4_20170419.txt
S3A_SR_2_LAN_SI_20180407T034541_20180407T035608_20230502T004805_0627_029_375______LN3_R_NT_005.SEN3,22,IDCSI4_20180407.txt
S3A_SR_2_LAN_SI_20180403T135751_20180403T141430_20230501T200832_0998_029_324______LN3_R_NT_005.SEN3,22,IDCSI4_20180403.txt
S3B_SR_2_LAN_SI_20190406T191641_20190406T193457_20230407T175856_1096_024_042______LN3_R_NT_005.SEN3,21,IDCSI4_20190406.txt
S3A_SR_2_LAN_SI_20190419T191845_20190419T193702_20230530T003138_1097_043_370______LN3_R_NT_005.SEN3,20,IDCSI4_20190420.txt
S3A_SR_2_LAN_SI_20170407T213828_20170407T215520_20230411T133747_1011_016_186______LN3_R_NT_005.SEN3,19,IDCSI4_20170407.txt
S3B_SR_2_LAN_SI_20190419T132936_20190419T135733_20230408T110040_1677_024_224______LN3_R_NT_005.SEN3,18,IDCSI4_20190420.txt
S3A_SR_2_LAN_SI_20170405T121749_20170405T123846_20230411T102139_1256_016_152______LN3_R_NT_005.SEN3,18,IDCSI4_20170405.txt
S3A_SR_2_LAN_SI_20170418T200923_20170418T202728_20230412T042111_1084_016_342______LN3_R_NT_005.SEN3,18,IDCSI4_20170419.txt
S3A_SR_2_LAN_SI_20170311T213824_20170311T215515_20230410T011448_1011_015_186______LN3_R_NT_005.SEN3,18,IDCSI4_20170311.txt
S3B_SR_2_LAN_SI_20190405T212547_20190405T214211_20230407T171123_0983_024_029______LN3_R_NT_005.SEN3,18,IDCSI4_20190406.txt
S3A_SR_2_LAN_SI_20170406T184504_20170406T185523_20230411T114550_0618_016_170______LN3_R_NT_005.SEN3,17,IDCSI4_20170407.txt
S3A_SR_2_LAN_SI_20190406T213837_20190406T215529_20230529T091247_1011_043_186______LN3_R_NT_005.SEN3,17,IDCSI4_20190406.txt
S3A_SR_2_LAN_SI_20180414T054620_20180414T055450_20230502T101825_0510_030_091______LN3_R_NT_005.SEN3,16,IDCSI4_20180414.txt
S3A_SR_2_LAN_SI_20170402T202418_20170402T204241_20230411T064548_1103_016_114______LN3_R_NT_005.SEN3,15,IDCSI4_20170403.txt
S3A_SR_2_LAN_SI_20190405T184513_20190405T185532_20230529T073946_0618_043_170______LN3_R_NT_005.SEN3,14,IDCSI4_20190406.txt
S3A_SR_2_LAN_SI_20190420T015813_20190420T022610_20230530T003826_1677_043_374______LN3_R_NT_005.SEN3,12,IDCSI4_20190419.txt
S3A_SR_2_LAN_SI_20170411T231452_20170411T233208_20230411T192337_1036_016_244______LN3_R_NT_005.SEN3,12,IDCSI4_20170411.txt
S3A_SR_2_LAN_SI_20180416T232211_20180416T233940_20230502T143818_1048_030_130______LN3_R_NT_005.SEN3,9,IDCSI4_20180416.txt
