Year,Frequency,Surface Flag,mean,median,std,min,max,iqr
2016,238,Closed Ice,-0.5404403932596401,-0.4076499058461991,0.4856790376528303,-9.016292554542275,0.01798977187021933,0.4499840381672442
2016,238,Mixed,-2.7745909201157355,-1.4332293359132109,3.722288826504095,-79.5604862557314,-0.032670120355248855,2.792485357156991
2016,238,Open Water,-15.141383306379167,-13.249136263131277,8.505343342165022,-125.3259019780379,-1.5914684621615436,9.221796590686466
2016,365,Closed Ice,-0.34426188291798954,-0.23706926115593774,0.36149307143601894,-8.91665686569445,0.033074257846635646,0.26195503184359836
2016,365,Mixed,-1.5421817605407482,-0.6840118950079557,2.5508547584692387,-79.35016031779207,-0.02409019073022023,1.5150787351152672
2016,365,Open Water,-9.549473962713897,-7.826095368589819,6.9292589291804365,-111.6683248578594,-0.6596445718023745,6.936070020759189
2017,238,Closed Ice,-0.5556306690691643,-0.42496671652710916,0.4457286548050502,-6.523745957784058,0.015253212404729766,0.48689564775726524
2017,238,Mixed,-2.4521984079145542,-1.2577256942901727,3.2066230685987365,-85.86583944809621,-0.019894398430665206,2.432170922730805
2017,238,Open Water,-15.235463320314494,-13.160622121375411,8.642116860860368,-103.02689485583866,-1.0756273682182211,8.863868649390298
2017,365,Closed Ice,-0.33926642362904236,-0.23861172764711114,0.31292925608412603,-5.382141847803666,0.11429139114670761,0.2706098860267616
2017,365,Mixed,-1.3208891216330396,-0.5923319478508233,2.1389664293425734,-81.4360976047839,-0.014817803651908434,1.2400885298283129
2017,365,Open Water,-9.622059023668701,-7.762715979230649,7.123013825461371,-94.58235633387221,-0.5190798871029756,6.8347783220421405
2018,238,Closed Ice,-0.47584471351509305,-0.35435949584191917,0.4494621019115229,-11.583547332704484,0.007516109406878968,0.394078196581944
2018,238,Mixed,-2.557910701135419,-1.371183990097279,3.2908437848295646,-74.74222978435915,-0.026600476767924874,2.5828626017878094
2018,238,Open Water,-14.923793528445968,-13.098710439259207,8.431577819119255,-128.88386422472593,-1.4000720163623157,8.969898603946262
2018,365,Closed Ice,-0.2817044632901525,-0.20344539956758467,0.29205954769765485,-7.025028174754823,0.0016554011502876165,0.20672285239263033
2018,365,Mixed,-1.354266851262723,-0.6288481855820862,2.13469188493616,-71.59784511435726,-0.022631958818891462,1.3147299787051736
2018,365,Open Water,-9.399586312847658,-7.651920603212574,6.959579704875743,-109.89354260447269,-0.5796125955070579,6.726572100604926
2019,238,Closed Ice,-0.4864541859384406,-0.3426895158875567,0.4522355896003055,-11.682997514663754,0.01604305964704622,0.41819644551977575
2019,238,Mixed,-2.2786016168203016,-1.1815137621057943,2.986421964612869,-87.52127509547694,-0.015514748949669865,2.3063465438154083
2019,238,Open Water,-14.660766137591125,-12.620303701111098,8.477967376836247,-129.3834819145199,-1.2424325182859377,8.354842013418022
2019,365,Closed Ice,-0.2888379513403489,-0.19301059498549478,0.2995443917644089,-11.760009839823766,0.04537796279197437,0.21404615451271525
2019,365,Mixed,-1.2031060799244644,-0.5406193540385971,1.9779967773999474,-78.29224975411202,0.005318809655420864,1.1471732754359039
2019,365,Open Water,-9.240765202671591,-7.418260906963354,7.050702822915244,-107.74031416028697,-0.49442623821983034,6.4817306414757
2020,238,Closed Ice,-0.5131616480465688,-0.35983448922277717,0.4909961217775346,-20.554475441917532,0.07214805939128155,0.43400907332110705
2020,238,Mixed,-2.664307887345746,-1.4366150996657723,3.406073915929895,-83.75572783143025,-0.0219576009314153,2.8031078254746262
2020,238,Open Water,-15.37537398829231,-13.211592523193303,8.799759775501938,-126.94196730179375,-1.3970558072925883,9.219943359871593
2020,365,Closed Ice,-0.3045250777842479,-0.20235268655446248,0.332239703899394,-21.435958841003753,0.13153865911948515,0.21941544202789487
2020,365,Mixed,-1.41260963354815,-0.6607751580637853,2.2511859356721478,-76.2961016907197,-0.018366104211565926,1.3989335802543934
2020,365,Open Water,-9.751277132330975,-7.840250962988819,7.273275310770669,-112.38517799034702,-0.6417655959175761,7.237899214211495
2021,238,Closed Ice,-0.5111093268738881,-0.3879440241529295,0.4319920034854854,-13.209487045179515,0.04547218715930512,0.4056947594905722
2021,238,Mixed,-2.539899412871438,-1.376226232913524,3.2707430724068876,-74.23178714304947,-0.03615675196783741,2.5564880853245597
2021,238,Open Water,-15.012436213367623,-12.717158258622277,8.909993064338003,-120.76295882500995,-1.570470481110533,9.211212590781479
2021,365,Closed Ice,-0.29902286736389294,-0.2179484757513137,0.28620685456591827,-7.685275522493015,0.06206313396765495,0.205216502502374
2021,365,Mixed,-1.3380361725064092,-0.6311661993820508,2.1753558618754103,-76.24067028765748,-0.024427512873899104,1.2721497674610305
2021,365,Open Water,-9.505859430795661,-7.461297525503824,7.38598301560841,-101.70036869082642,-0.7242778678198363,6.86230153297511
2022,238,Closed Ice,-0.520006095328979,-0.3859802863169648,0.4671628335497122,-16.899602080491178,0.007087056355203458,0.43841190915543393
2022,238,Mixed,-2.5470466983145426,-1.3604334756701206,3.2896207935165056,-75.60195303530867,-0.02549450949007337,2.605715781804747
2022,238,Open Water,-15.330858365430167,-13.381119689831934,8.59615023654042,-119.20753667153704,-1.1728722731644439,9.18249740776523
2022,365,Closed Ice,-0.30168405093440864,-0.2123230456669205,0.31443263704580493,-12.460863255887034,0.07056318067378697,0.22088228073192795
2022,365,Mixed,-1.3711635815525371,-0.6207514638162763,2.182105088941651,-72.788540286542,-0.020869660608383356,1.3218999109234417
2022,365,Open Water,-9.767671078539301,-7.981370757120686,7.136114928918754,-105.60163640702658,-0.5065736347674203,7.047345384017724
2023,238,Closed Ice,-0.5140099460614146,-0.38167073209174873,0.46281354278349285,-25.69894667405495,0.011159272825267408,0.43779923378818353
2023,238,Mixed,-2.585976327187322,-1.5272510472688907,2.9828189999244694,-59.67050846690097,-0.04660409467169302,2.727346049816461
2023,238,Open Water,-14.847490141862176,-12.537632247017399,8.871060427332875,-127.94163776400609,-1.5657162408548686,8.640083625240294
2023,365,Closed Ice,-0.2979951245697184,-0.2117767971679143,0.29465845764648035,-14.265911145162676,0.07618027847379949,0.2194348989838204
2023,365,Mixed,-1.3701214632283003,-0.7015290029387984,1.9252908710734338,-62.2177352209558,-0.025767511986060754,1.379630334486393
2023,365,Open Water,-9.411386087877865,-7.455203733113166,7.365941965736014,-109.94929347788346,-0.7127281846697713,6.691057629684934
